Actual_Sales,Pred_Full_Model,Pred_Short_Model,Pred_Ridge
0.23,0.6454353332519531,0.644875839103485,0.6565862582184143
0.01,0.05568218231201172,0.053851269057464624,0.05528521769060368
0.12,0.8497600555419922,0.8505540828810729,0.842203012770272
0.09,0.6903200149536133,0.6932177904989261,0.6928928750720517
0.16,0.22847557067871094,0.229120376073771,0.23548025407017004
0.03,0.2105083465576172,0.20923336727247643,0.20973057899360897
0.06,0.432861328125,0.4328759522456147,0.4214318970379549
0.06,0.3149852752685547,0.3146441398793618,0.3140100008139701
0.14,0.027927398681640625,0.028741101579104145,0.0368251199583185
0.3,0.2970294952392578,0.29592857850910126,0.2964100442914975
0.21,0.29700565338134766,0.2917699387842856,0.29376191910699917
0.02,0.3097963333129883,0.3111229922099932,0.30988122549071007
0.34,0.11447429656982422,0.11367000120379189,0.1203474078658382
0.25,2.7448720932006836,2.7445941809313146,2.7437793007365037
0.14,0.6765127182006836,0.6763770574511769,0.6703269391535995
0.3,1.1109113693237305,1.1140154378374283,1.1108525675386003
0.19,0.5265130996704102,0.5213649126049704,0.522557944714226
0.72,0.6568355560302734,0.6581190444903,0.6511759889921505
0.44,0.29534244537353516,0.2947830231548709,0.302675598194068
0.88,0.10985851287841797,0.1078273578779827,0.11251760973126917
0.05,0.21668720245361328,0.21602548298159374,0.23500874773613167
0.07,-0.1271800994873047,-0.1346766129936836,-0.12300535106355914
0.04,0.13459014892578125,0.13976724963545473,0.16716920753375059
11.68,1.8776435852050781,1.8809889223014173,1.8721453635977667
0.58,0.3722238540649414,0.3669612904414965,0.3740066079181317
1.75,3.8266448974609375,3.675901038144728,3.6574850399598193
0.28,0.43572235107421875,0.43350019886042457,0.43069678963529984
0.05,0.10137557983398438,0.10334330589424989,0.11185538496576236
3.83,3.3967161178588867,3.451665589393073,3.2482507312895943
0.22,0.46816539764404297,0.46641921167853084,0.46376656884120004
0.04,-0.15923500061035156,-0.15646042448168407,-0.15110558307985988
0.56,0.10345172882080078,0.10354369672487573,0.10489451698653796
1.67,2.062161445617676,1.9076220664577095,1.913564871604918
0.01,0.021524429321289062,0.020688173640037277,0.02424569828162615
0.15,0.4053525924682617,0.40563601242000735,0.41141388918383776
0.19,0.1785745620727539,0.17552582707548714,0.1839358152072449
0.1,0.5359430313110352,0.5344951703966012,0.5310803571243713
0.02,0.41847991943359375,0.4186360320092837,0.421001677706503
0.1,0.49945926666259766,0.5006136585507193,0.49681636541453333
0.93,0.2123432159423828,0.21084134934982068,0.2139484869272954
0.14,0.20627689361572266,0.20732578263295465,0.20605833075223656
0.01,0.38164710998535156,0.3811688076682238,0.3812477891406297
0.28,0.0834035873413086,0.08184840403361315,0.08977655597846379
1.64,0.6492347717285156,0.6489195469212097,0.635582100056512
0.04,0.1935138702392578,0.191998824667879,0.19527785887203641
0.29,0.46816539764404297,0.46641921167853084,0.46376656884120004
0.46,0.9836931228637695,0.9861342624216638,0.9828621770414101
0.04,0.4497995376586914,0.4496790331389018,0.4477484840828589
0.17,0.38196754455566406,0.37107106609998164,0.383959675215226
0.12,0.7760953903198242,0.77766630961124,0.7711426811781574
0.39,0.41765880584716797,0.42311455199241,0.4257378793766551
1.87,0.9635143280029297,0.9653846788850089,0.959045284488673
0.51,0.16713333129882812,0.16746247073750253,0.16384940435254935
0.01,0.2739744186401367,0.2719587149565299,0.2716225848028848
0.16,0.48180675506591797,0.4817123248825581,0.4806646692849279
0.1,0.3511505126953125,0.3518438949300964,0.35663963524595976
0.02,-0.5824098587036133,-0.582724817312346,-0.5718433589579007
2.21,1.1344413757324219,1.1336444419215521,1.131575444669061
0.21,0.6568098068237305,0.6574996967363513,0.6483944737894954
0.1,0.19400691986083984,0.19210668798470865,0.1962410847397374
0.33,0.3702993392944336,0.3723510456397061,0.36632391566884204
0.63,0.43981266021728516,0.44259112858255856,0.449465932918012
0.13,0.7571115493774414,0.7575240751381327,0.7517082614908666
0.03,0.3196554183959961,0.31868242797480817,0.3224298680916804
0.11,0.5222015380859375,0.5229584305677895,0.5222711394124286
0.38,0.10382080078125,0.10492226997310827,0.09807215400572022
0.35,0.718989372253418,0.7182823126574203,0.7119082188262881
0.08,0.26781463623046875,0.27018236034347254,0.26569220407217115
0.34,0.7023496627807617,0.7029268825012984,0.7069208151241483
1.64,1.8398666381835938,1.6833866177060548,1.6857107439046297
0.24,0.2517681121826172,0.2521420908785943,0.28205635427332626
1.11,0.9694948196411133,0.9687835286398809,0.9434482198111303
0.83,0.5158824920654297,0.5184724465164099,0.5217540772033269
2.67,2.465597152709961,2.4752700201578985,2.467971728439574
0.04,0.2492208480834961,0.2504608685269072,0.2595958474691656
0.79,0.66107177734375,0.6611128610653534,0.6589978087871933
0.17,0.5188655853271484,0.5201951547007557,0.5132381783636276
0.42,0.4093809127807617,0.40769984222472666,0.40570276813682205
0.74,1.8286552429199219,1.8332089347207556,1.8231072986988202
0.06,0.07012939453125,0.07015284169885905,0.07788166159180443
0.11,-0.1647329330444336,-0.16167687061144997,-0.1504287050799441
0.01,-0.08779335021972656,-0.09056052190194475,-0.07467045682746909
0.11,0.18782424926757812,0.18753417378466075,0.19787488611328907
0.13,0.2756967544555664,0.2784597715040116,0.2903609578463964
0.1,-0.31602954864501953,-0.3177172439488771,-0.31782859653891615
0.18,0.3789548873901367,0.3795475415632146,0.38417999319257934
0.29,0.4728412628173828,0.470363432801014,0.46501770664301056
0.03,0.05568218231201172,0.053851269057464624,0.05528521769060368
1.04,0.5359430313110352,0.5344951703966012,0.5310803571243713
1.79,3.3072900772094727,3.312769654620214,3.2972533638604857
3.2,3.535700798034668,3.3835936897319816,3.364099238538556
0.05,0.0013437271118164062,0.000575570349478971,-0.001213652126976661
0.08,0.5416049957275391,0.5423547554189625,0.5332278180573609
1.94,1.1491804122924805,1.1491737818549121,1.1401965295454368
0.11,0.3043069839477539,0.304058946361319,0.30324613876001655
0.02,0.16335487365722656,0.16306136176915897,0.1649104220283485
0.29,0.6109094619750977,0.6117272578004664,0.5958331658821396
0.56,0.10233402252197266,0.10207297716531594,0.10737722075871081
0.05,0.16873741149902344,0.17021112705335262,0.15941349223053103
7.39,0.5079555511474609,0.5075757342966254,0.5189742964671532
0.05,0.2585477828979492,0.26023111462851567,0.2679451642147132
1.42,1.6980743408203125,1.5408544304832554,1.5419187376689263
0.67,0.915104866027832,0.9183326698330154,0.9162521612604217
0.11,0.8448619842529297,0.8431053679487348,0.8384261900334742
0.04,0.1340951919555664,0.13097079592689398,0.13696191522809759
0.17,-0.06245136260986328,-0.0644480041084381,-0.0674366173987152
0.02,0.19244670867919922,0.19272907692254093,0.20854474193006384
0.32,0.8707113265991211,0.8691459773081669,0.8627713806321438
0.06,0.5876750946044922,0.5890066014732926,0.5849794993403751
0.07,0.33913612365722656,0.33748048493890015,0.33978507506376554
0.15,0.5801448822021484,0.580150790120217,0.5649374371548381
0.15,0.3103055953979492,0.31147564190212296,0.31864831947160477
0.07,0.5500850677490234,0.5497076371486982,0.5459568547770481
0.01,0.03464031219482422,0.03263600622077156,0.03227292092013667
0.52,0.9888124465942383,0.9878276201205125,0.9899056616650102
4.36,0.4672536849975586,0.4663773080405065,0.4648894849493291
0.07,0.17098331451416016,0.17014487682640733,0.17290889447968538
0.04,-0.2349233627319336,-0.2344027329341003,-0.2337305326468917
0.25,0.8534879684448242,0.8540145424063574,0.8486353249526636
0.43,0.7747802734375,0.7742562049419455,0.7713990422283741
0.33,1.083378791809082,1.0843756910774587,1.080057769587364
0.46,0.38164710998535156,0.3811688076682238,0.3812477891406297
2.44,0.9286832809448242,0.927657738907905,0.921513029173791
0.13,0.5612010955810547,0.5608162102857299,0.5610590757222567
0.02,-0.4327220916748047,-0.4324673498426057,-0.4201641960939527
0.02,-0.047893524169921875,-0.04871215003606322,-0.04362737492237734
0.35,0.7950601577758789,0.795738225863569,0.7933751212455435
0.5,1.0024700164794922,1.003279503813168,1.0043150039886286
0.08,1.4253034591674805,1.4267392344032548,1.4376565547896853
0.02,0.45684242248535156,0.4548120041697714,0.454125493361757
3.21,3.2220840454101562,3.2292389668287083,3.271117855021322
0.22,-0.14360427856445312,-0.1413541947572836,-0.1339011788074297
0.33,0.15602397918701172,0.1500045182110472,0.18010999687716234
0.49,2.6728782653808594,2.6754010197367384,2.669382670900739
1.6,0.3324775695800781,0.3289273610414465,0.3340498021526617
0.05,0.16335487365722656,0.16306136176915897,0.1649104220283485
3.59,2.179767608642578,2.1787382761263827,2.171574964905833
0.05,0.48493194580078125,0.4856139231383241,0.49564210620710114
2.95,1.9110145568847656,1.910790646238408,1.9069210359659254
0.96,0.570648193359375,0.565795985631971,0.5711876312668978
0.06,0.3494892120361328,0.3421492471783274,0.3499350868054993
0.49,0.2137451171875,0.2142733812002071,0.21405249214461636
0.28,0.3265972137451172,0.3194318761533419,0.3339859606321219
0.23,0.40245532989501953,0.40802265891173484,0.4199431010584093
0.19,0.095458984375,0.09446535341568008,0.10134489051589779
0.28,0.8274974822998047,0.8300862384028267,0.8318419306879492
3.65,1.2377758026123047,1.2368177265238263,1.2351210672636954
0.64,0.996159553527832,0.9985594057867833,0.9941029700037173
0.08,0.10770797729492188,0.10739747402209199,0.1159107436063822
0.67,2.144564628601074,2.152048471625957,2.1328954591015057
0.13,1.2784957885742188,1.2778268886109712,1.279907082270106
1.42,1.551417350769043,1.5513378821761228,1.5567820679162199
5.12,1.2979145050048828,1.2966677006842942,1.3003729862269737
0.39,0.5585861206054688,0.5602204195787726,0.5457657995173897
0.31,0.6642770767211914,0.6631255568681029,0.6609083598264697
0.08,0.8711423873901367,0.8718266801291243,0.8639082508903904
1.23,1.0668344497680664,1.0681904715863317,1.0610325604885356
0.25,0.2505302429199219,0.24997922536672657,0.2530275572056874
0.11,0.6797113418579102,0.6774047092170847,0.6751381073376022
0.93,0.9919033050537109,0.9914105223893754,0.9770395267112166
1.94,1.1916685104370117,1.1897533789604933,1.1862984210866194
0.22,-0.044979095458984375,-0.0448561556171283,-0.030270898338325303
0.59,0.5650491714477539,0.5663956800884737,0.5665566438884742
2.05,0.8246822357177734,0.8260312102386691,0.8136212082755965
0.23,0.3203239440917969,0.3201965114902925,0.3365202339146556
0.04,0.28660011291503906,0.2870084371503394,0.2884822194283967
0.58,0.46729373931884766,0.4664232707355096,0.4655486834033968
0.05,-0.32013797760009766,-0.32278073270707397,-0.31956294501506377
0.14,0.4053525924682617,0.40563601242000735,0.41141388918383776
0.32,0.4363069534301758,0.4391225101130878,0.43594408378087446
0.08,-0.14342975616455078,-0.14579645177524658,-0.13221441485027963
0.25,1.5676603317260742,1.6145283228973357,1.4383617203368515
3.77,0.5359430313110352,0.5344951703966012,0.5310803571243713
0.2,0.5611095428466797,0.5609393137490852,0.5632683015539528
0.07,-0.02995586395263672,-0.03114081814541203,-0.015331190220812974
0.11,0.46729373931884766,0.4664232707355096,0.4655486834033968
0.56,1.2687129974365234,1.2675079984911368,1.2690636865165237
0.05,-0.6695652008056641,-0.6705747456976643,-0.6600369368333051
0.54,0.5802745819091797,0.5785304429039393,0.5840848175582332
1.02,1.2165718078613281,1.215977357430246,1.2177122368054072
0.14,0.2669076919555664,0.2682149720591276,0.265711288859909
0.21,0.64404296875,0.6449936347196235,0.6437508096222482
0.48,0.7972917556762695,0.7949182936069752,0.7908682729767671
0.03,-0.030915260314941406,-0.03151400552688921,-0.016597001672349565
0.01,-0.2681865692138672,-0.26787222786014353,-0.25417092106933226
0.01,0.03464031219482422,0.03263600622077156,0.03227292092013667
0.4,0.14919471740722656,0.1479220774351797,0.15108220014293178
1.18,0.5400915145874023,0.5405395540619615,0.5413064132041677
3.31,1.0911750793457031,1.0906102535294666,1.0787835113949602
0.03,0.1826000213623047,0.18491966707400076,0.1826386625850961
0.06,0.13404464721679688,0.13399703388003492,0.13735069086603074
0.01,0.3034496307373047,0.30292772856601147,0.3057849342146624
0.05,0.33482933044433594,0.3384354740290034,0.35348081632480266
0.79,0.9507875442504883,0.9501102698393318,0.9549227119265469
0.05,0.09199142456054688,0.09067707079608156,0.09881558718078465
0.56,0.7307262420654297,0.7281987639139682,0.7071994113885809
32.77,2.9842710494995117,2.991196696481092,2.977536360630705
0.19,0.7856626510620117,0.7825408610541018,0.7813425831101157
0.79,0.46962642669677734,0.4659089319248393,0.47394800920719443
0.18,0.7564907073974609,0.756835042951653,0.7497150350726198
0.04,-0.11382770538330078,-0.11589005057106183,-0.1150731558521566
0.19,0.16045379638671875,0.16347123618252568,0.1675302757836481
20.15,2.4660072326660156,2.4733826962237866,2.458840519802908
4.06,0.37496471405029297,0.37528306050830573,0.3814303398192975
0.33,0.8758220672607422,0.8770378059640329,0.8705685448018856
0.35,0.039005279541015625,0.03990651976177295,0.05539680198456365
0.02,0.3196554183959961,0.31868242797480817,0.3224298680916804
0.19,0.2275848388671875,0.22883180301256822,0.22549604129605805
0.04,0.3758363723754883,0.3794745280647629,0.37711610138190077
0.72,1.383967399597168,1.3849577877926162,1.381035656188009
0.31,0.4053525924682617,0.40563601242000735,0.41141388918383776
0.17,0.22847557067871094,0.229120376073771,0.23548025407017004
0.14,0.3091468811035156,0.3098491083700696,0.3374615079755947
0.03,0.6912012100219727,0.6891102734678991,0.6703777268746574
0.02,0.3066673278808594,0.30685889946416345,0.30343530224493814
0.13,0.15620803833007812,0.14972649050111375,0.15829576072422746
0.28,1.7425498962402344,1.747391121238816,1.739019828400747
0.09,0.8574190139770508,0.8620978740021639,0.8643024101483574
0.03,0.37078189849853516,0.3687332766888527,0.3694548557040725
0.1,0.2791910171508789,0.28107934795373013,0.29391655585279863
0.05,0.17848968505859375,0.18192657376795363,0.18278503215466968
0.09,0.05809211730957031,0.05201882937939195,0.05525827941686956
0.02,-0.04942512512207031,-0.056148774505826005,-0.05113578419872267
0.9,0.7966442108154297,0.795806656054669,0.7784516190294881
0.04,0.23721027374267578,0.23858216218816475,0.257178322824984
0.15,0.3814811706542969,0.38008849173791237,0.40614669511325696
0.19,0.7317485809326172,0.7313693772239573,0.7279963598483775
0.03,0.053902626037597656,0.05369403281367613,0.05498542851964039
0.04,-0.44983863830566406,-0.45090352709497106,-0.4388106903179628
1.04,1.044698715209961,1.0436971626472715,1.0375410927049782
0.18,1.8655433654785156,1.872383015620269,1.8590542779504076
0.24,0.5265417098999023,0.5240560671820924,0.5223112604793991
0.07,-0.05147075653076172,-0.052609219691188924,-0.04220670128569426
0.06,0.1273355484008789,0.1288081322850927,0.13185593652053534
0.25,0.13028526306152344,0.1307955989007865,0.26547069504480014
0.79,0.13226985931396484,0.1322144121775093,0.130786555762906
0.09,0.7708721160888672,0.7714187927967555,0.7638950759391501
0.25,0.6438064575195312,0.6434014649170128,0.6399134004071801
0.03,0.26390647888183594,0.2611894050453125,0.2632296499319209
0.13,-0.15378761291503906,-0.15239766098295204,-0.1610514189159864
0.09,0.33913612365722656,0.33748048493890015,0.33978507506376554
0.55,0.4865741729736328,0.4835007586211064,0.4847316276317429
2.09,1.4108257293701172,1.4107895467738736,1.4042863621216728
0.02,0.46074771881103516,0.4608519738950536,0.458202652903244
0.1,0.44989776611328125,0.4511087555226214,0.44665923252101564
2.39,-0.16937541961669922,-0.172457862684551,-0.1624134514013139
0.05,0.6052989959716797,0.606700219100808,0.6001635406307155
0.52,0.10906314849853516,0.11014182991683152,0.10856793361650585
2.28,0.46124839782714844,0.4620013104643679,0.4434556442319775
0.07,0.14231300354003906,0.1418460989324659,0.14189812525788154
0.04,0.5433950424194336,0.5427102915721185,0.5403219939730447
0.24,0.2929649353027344,0.2926513874431249,0.3031100836552005
0.07,0.16682147979736328,0.16549822620787635,0.17413066582658698
0.09,0.0921630859375,0.09259685290653685,0.11384858698202283
0.5,0.8133172988891602,0.8104249259568692,0.8090139170856813
0.47,0.7348489761352539,0.7368493491352173,0.7462537158326227
0.08,0.37663841247558594,0.37471915966665037,0.37846920765318887
0.12,0.19103527069091797,0.19003204909755067,0.20261495691678044
0.14,0.20743370056152344,0.20790511323707794,0.21246795729970314
2.24,2.4558334350585938,2.463389298162231,2.5041356990829176
0.25,-0.10139083862304688,-0.10068865680744987,-0.10234767013334167
0.01,0.27517032623291016,0.2766625307108652,0.28070482142747244
0.82,0.6619720458984375,0.663350802640641,0.6604574214650292
0.05,0.43968772888183594,0.4356085282150539,0.43810430296733793
0.27,0.5589666366577148,0.5564569815549028,0.5544125473844234
1.35,0.570648193359375,0.565795985631971,0.5711876312668978
2.2,0.6173639297485352,0.6147051631684366,0.5917063361755077
1.27,0.6094894409179688,0.609945971621016,0.6164335959844475
0.14,-0.02698230743408203,-0.028924407729402635,-0.012061246655962088
4.79,1.2879667282104492,1.2869994473911563,1.2814940828958
0.4,0.5527372360229492,0.5580969038932448,0.570020753614784
0.21,0.0813608169555664,0.08142518011138278,0.08306870931230848
0.24,0.47931480407714844,0.47723286940419807,0.4800761287775099
0.26,0.7611751556396484,0.7610004987195547,0.7464914310910052
0.17,2.5043869018554688,2.5101200689346594,2.4702996586219177
0.03,0.3479652404785156,0.3471403237380002,0.3554747024578897
0.03,0.08502578735351562,0.08591286695752975,0.1052842881911284
0.15,0.0858917236328125,0.09416189552783827,0.10657776951506798
0.13,0.38164710998535156,0.3811688076682238,0.3812477891406297
7.32,3.069507598876953,3.0683027746760465,3.0630354507825626
0.31,0.6375560760498047,0.634865433936987,0.6321199402918304
1.33,0.3513307571411133,0.355562153316771,0.36697031057867424
0.23,0.6620979309082031,0.6609927408974605,0.664023419673722
0.5,0.2970294952392578,0.29592857850910126,0.2964100442914975
0.66,0.03349590301513672,0.03158114492269881,0.050671508562586176
0.04,-0.31029796600341797,-0.30987826918156247,-0.2957035713137601
0.04,0.33913612365722656,0.33748048493890015,0.33978507506376554
0.05,-0.5043754577636719,-0.5009050853979826,-0.4815049609150256
0.28,0.8278121948242188,0.828432333548786,0.8422791237933009
0.27,0.7512903213500977,0.7508241239747431,0.7499380064068335
0.3,3.317615509033203,3.3719824231662434,3.1712958675269802
0.08,0.7523260116577148,0.7527592866842059,0.7640302770163847
0.02,-0.11670875549316406,-0.11808909758120034,-0.10490766780583105
0.05,0.46729373931884766,0.4664232707355096,0.4655486834033968
0.04,-0.02586841583251953,-0.026218833120587703,-0.01439907541667329
1.15,1.8306894302368164,1.669744284372382,1.666530665026194
0.41,0.7090778350830078,0.7079862281727294,0.7146035959991834
0.13,-0.27931785583496094,-0.2786606380341743,-0.27903445054370923
0.03,0.33507537841796875,0.33187968348220287,0.33780547255564497
0.15,0.28672218322753906,0.2796760916278591,0.2920054060166751
0.15,0.17098331451416016,0.17014487682640733,0.17290889447968538
0.82,0.9377717971801758,0.9404371252147268,0.9379002611214264
0.15,0.01403045654296875,0.009709825080692625,0.012651850194272063
0.11,1.800577163696289,1.637841105726214,1.6386138661625265
0.73,0.10985851287841797,0.1078273578779827,0.11251760973126917
0.04,0.5573940277099609,0.5529400474459256,0.5524447212653294
0.27,0.6380214691162109,0.6384274180490928,0.6454506839127279
0.02,0.13004112243652344,0.13128873375667371,0.13716083110344424
0.04,0.11426067352294922,0.11506877641064195,0.12136107004419805
0.09,-0.12436389923095703,-0.12333474990555304,-0.11787203229948384
0.23,0.5751571655273438,0.5753295652559212,0.5743817266862056
0.02,-0.028415679931640625,-0.028639356138617345,-0.01741924179708154
0.06,0.21883773803710938,0.21931243683500368,0.2301653844039186
0.48,0.2686748504638672,0.26204260378590294,0.27083185306917756
0.27,0.561309814453125,0.5608805027884907,0.5636718896848432
1.2,0.6667604446411133,0.6673808096859333,0.6481191577522878
0.59,1.626338005065918,1.6260923550752977,1.6268062250368907
0.91,0.7634563446044922,0.7634257246430338,0.7598541523757922
0.1,0.5426721572875977,0.5426825225188798,0.5432660988317182
7.86,1.2915363311767578,1.2882511020173977,1.2884311929139303
0.34,0.4985370635986328,0.4993614880832413,0.50257461285931
0.04,0.5885400772094727,0.5825367962296415,0.5824254963842378
0.05,0.7292184829711914,0.7294537251579767,0.7274007554406265
0.11,-0.1600475311279297,-0.16010199896638921,-0.15930534611192304
0.19,0.43263816833496094,0.4350654418796718,0.4311857837568738
0.12,0.7561731338500977,0.7500705905339249,0.750614135218207
0.42,-0.11009883880615234,-0.11335831265976615,-0.10960482035681218
0.16,0.8030424118041992,0.8025653735934395,0.7970727906114283
0.73,1.9370155334472656,1.9449826667898502,1.9280106692616852
0.05,0.6830425262451172,0.6850874226467083,0.6860567806035325
0.19,0.2175312042236328,0.21703745058967705,0.22214281406901404
0.11,0.26390647888183594,0.2611894050453125,0.2632296499319209
0.08,0.7310676574707031,0.7275228468393169,0.7326566734811152
0.07,0.8136386871337891,0.8130410139682243,0.8276640662082191
0.03,0.16830158233642578,0.17396019142353647,0.1853168014615536
0.16,0.16335487365722656,0.16306136176915897,0.1649104220283485
0.31,0.6432199478149414,0.6436755303254684,0.6409412172541976
0.38,0.5666332244873047,0.5677913386365996,0.5619672025699082
0.31,0.6938209533691406,0.6929527829148547,0.6982992687585031
6.62,2.270214080810547,2.2777763043426984,2.262204576970855
0.48,0.7437276840209961,0.7432577002895839,0.7380121060465495
0.2,0.3281698226928711,0.32294881026231903,0.33595378675121584
0.19,0.20425701141357422,0.20450287205693618,0.20892791887787354
0.53,0.5723648071289062,0.5692427986657813,0.5705907736909236
0.17,0.3082590103149414,0.30875382078261393,0.31020749487633165
0.17,0.11221599578857422,0.1125557252432332,0.11800794959187672
0.33,0.567596435546875,0.5683895999251913,0.5629885705536669
0.76,1.1424827575683594,1.1456282712864398,1.1173217910038846
0.08,0.5469141006469727,0.5490334852205585,0.5551325240546916
0.01,0.03464031219482422,0.03263600622077156,0.03227292092013667
0.67,2.440741539001465,2.440755675544747,2.4451974721806713
0.2,0.08350563049316406,0.07867433135062618,0.08767488031647297
0.49,0.8089122772216797,0.8084588569825579,0.8026581279260001
0.05,0.6610889434814453,0.6572070948217312,0.64246092801099
0.61,0.486602783203125,0.4865205135544899,0.48504259381535025
1.25,0.567596435546875,0.5683895999251913,0.5629885705536669
1.91,1.6280908584594727,1.6273367058325994,1.6252158251231013
0.14,0.7144155502319336,0.7130560320817507,0.7140185324723387
0.18,0.7075872421264648,0.7087490399481209,0.7214001688291416
0.06,0.33128929138183594,0.33258239890912655,0.3421590390131583
0.01,-0.10375404357910156,-0.10478424375007966,-0.09138063068241087
0.1,0.1003713607788086,0.09923676926942493,0.10090709637831308
0.11,0.1564016342163086,0.15566037567541402,0.15335854912945113
0.08,0.39209842681884766,0.392780074233962,0.39267097918226945
0.4,0.6908416748046875,0.692336675306372,0.6865603679537151
0.03,-0.3576622009277344,-0.3557078847869717,-0.3486676210996592
0.06,-0.1136770248413086,-0.11360730019675969,-0.11352350578280757
1.27,0.7682342529296875,0.7686849081014895,0.7640530117282214
0.09,0.33913612365722656,0.33748048493890015,0.33978507506376554
0.13,0.2123432159423828,0.21084134934982068,0.2139484869272954
0.38,0.32042789459228516,0.32273027971478196,0.3276784075604072
0.11,0.2551870346069336,0.25398919854534374,0.25656119836280733
0.34,1.5008344650268555,1.507075403098744,1.5423566786339067
0.27,0.1992359161376953,0.18960020298614588,0.20044765527296105
0.79,0.8043727874755859,0.8045983457192458,0.8010584566388773
0.63,0.8000116348266602,0.7991630376850689,0.8006657936626174
0.11,0.5589666366577148,0.5564569815549028,0.5544125473844234
0.05,0.27517032623291016,0.2766625307108652,0.28070482142747244
1.36,0.8155546188354492,0.8193376646229289,0.8203607615005507
0.7,2.184581756591797,2.1907289898210554,2.1793841004539143
0.15,1.2219972610473633,1.224145613520152,1.2291404382414406
0.14,0.47197723388671875,0.4736772161685663,0.4720001034880782
0.19,0.4805479049682617,0.47927920892155496,0.4842915934049651
0.56,0.44338512420654297,0.44165312723831107,0.43919802975213934
0.19,0.9369564056396484,0.93873892331345,0.93330744279334
0.4,-0.007979393005371094,-0.01033277697529722,-0.0013234075347634544
0.12,-0.4062795639038086,-0.40854853097106636,-0.40140722682797014
0.02,0.2739744186401367,0.2719587149565299,0.2716225848028848
0.1,0.28078556060791016,0.27246073693685813,0.28591827257118624
0.03,0.22263431549072266,0.22619048292230448,0.22940196579210353
0.02,0.11935615539550781,0.11718766276105774,0.12194623800700621
0.3,1.6980743408203125,1.5408544304832554,1.5419187376689263
0.29,2.060527801513672,2.066060839087532,2.054902848490325
0.05,0.46816539764404297,0.46641921167853084,0.46376656884120004
5.87,8.008988380432129,8.008442120205778,7.991631299896308
0.23,1.9077558517456055,1.9128921009475852,1.9000621624614342
0.02,0.5258884429931641,0.5194813809543053,0.5216883929481075
0.09,0.6327877044677734,0.634012235196397,0.6245177371545737
0.08,0.20943546295166016,0.2096492644643262,0.21362947612050598
0.59,2.396212577819824,2.4029596788274987,2.3679463003870196
0.11,0.5433950424194336,0.5427102915721185,0.5403219939730447
0.14,0.10137557983398438,0.10334330589424989,0.11185538496576236
0.39,1.0544404983520508,1.0540723714163809,1.0526728199630184
0.15,0.19354724884033203,0.19248010474326183,0.2010036652688778
1.05,0.5434656143188477,0.5369625563170706,0.5411388472449579
0.33,0.13207149505615234,0.13204642990125537,0.13034672338125203
0.62,0.46729373931884766,0.4664232707355096,0.4655486834033968
1.55,1.8878850936889648,1.8855943485262523,1.888985808177257
0.28,0.9864540100097656,0.9869418922248367,0.9844582869688374
0.19,0.2702474594116211,0.26555953789488007,0.2727996791882715
0.93,1.4171743392944336,1.415833906661697,1.427331502297561
0.23,0.028974533081054688,0.028325049162441385,0.007859597007347507
0.05,0.4210643768310547,0.4217908140415052,0.42065439099247326
0.13,-0.06248950958251953,-0.06201227332142922,-0.052540293151711936
0.78,0.7747802734375,0.7742562049419455,0.7713990422283741
1.67,0.7691898345947266,0.7698884328984583,0.7413966644148218
0.47,2.2431793212890625,2.2497544805089245,2.2404218638618447
0.05,0.15744781494140625,0.16071131093126056,0.15977273538420272
0.32,0.4139595031738281,0.4142798499179101,0.4190814946823136
4.12,2.650606155395508,2.6515689640570415,2.6592795248574905
0.04,0.38872432708740234,0.38865341453547075,0.38876927345106305
0.03,0.40407371520996094,0.4027224172130668,0.3994756052138688
0.15,0.3789548873901367,0.3795475415632146,0.38417999319257934
0.45,0.6358060836791992,0.6338943119928528,0.6235889631552511
0.04,0.033471107482910156,0.03437383209880007,0.03318613475203114
1.92,0.8231687545776367,0.8241451531659427,0.8185940961686997
0.66,0.6743001937866211,0.6762586801530164,0.6707257238239602
0.45,0.017877578735351562,0.013249803798786486,0.02495764606635731
0.11,0.6021022796630859,0.6033350392000953,0.5975640731594442
0.23,0.12830829620361328,0.12988271004189955,0.12489572318718511
0.08,0.8133172988891602,0.8104249259568692,0.8090139170856813
0.16,0.3139934539794922,0.3159155706019434,0.3080527821147327
0.08,0.29705142974853516,0.2986197037160776,0.2999054094700365
0.67,1.0128898620605469,1.0111593642848358,1.0084560056788374
0.94,0.45684242248535156,0.4548120041697714,0.454125493361757
1.45,1.2431602478027344,1.2422247240270612,1.2310843488475856
0.04,0.07249736785888672,0.07056135745412906,0.07275355395311278
0.06,0.5754680633544922,0.5735836608426703,0.5679020416382949
0.02,0.04333782196044922,0.0444381078919307,0.0645867249774873
0.9,0.9882335662841797,0.9876957379422704,0.9733474620601842
1.13,0.10594463348388672,0.10594482195259824,0.10214779013402919
0.08,1.7809257507324219,1.7871427864611462,1.7742165331012756
0.06,-0.034438133239746094,-0.035334867432057715,-0.036858385169134755
0.15,0.0022068023681640625,0.0018759079068919604,0.0013853052263020915
0.21,0.09938907623291016,0.10224340754112404,0.10583016839205533
0.14,0.4194803237915039,0.4181608325836852,0.42465354763010105
0.09,0.1913013458251953,0.18962608651312762,0.1909361901568285
0.38,0.5998086929321289,0.600805657321577,0.5920769294752353
0.13,0.8013782501220703,0.8011773546624161,0.8143336520926268
0.04,0.2609386444091797,0.2606177556053646,0.2556746735344195
0.05,0.4306354522705078,0.42894879524888574,0.43028585403957664
7.2,1.3906259536743164,1.391106519153258,1.3832808913352888
0.17,0.8829545974731445,0.8814165950491062,0.8737524004632723
0.32,0.7263317108154297,0.7265731009538103,0.7112734133066837
0.12,0.5058307647705078,0.5025919917504333,0.5031635582607039
0.2,1.0441389083862305,1.0441874001529519,1.0493482205415035
0.33,0.12604236602783203,0.12542019023064133,0.1307417905594226
0.02,0.26390647888183594,0.2611894050453125,0.2632296499319209
0.13,0.13079261779785156,0.13077124717176836,0.1442641938200186
0.01,0.1138467788696289,0.11455364543563373,0.13122350975621777
0.15,0.8530826568603516,0.8535890940415318,0.8526009840118052
0.38,0.3521299362182617,0.3531758447442215,0.34617220230474405
0.04,0.4347715377807617,0.43540007454313745,0.43602579014425524
0.46,0.7903146743774414,0.7883207690229483,0.7655920008817123
0.02,0.2739744186401367,0.2719587149565299,0.2716225848028848
0.01,-0.550267219543457,-0.5505834900534263,-0.5382225700894981
0.55,0.03336143493652344,0.030888746838658054,0.03201430652456583
1.48,0.6173486709594727,0.6170879671701897,0.6209475589673055
0.24,0.09188270568847656,0.09046171059957775,0.09595403071707109
0.42,0.8706693649291992,0.8725061028570438,0.884901701417624
0.06,0.09183120727539062,0.09157750914993446,0.10471436710256832
0.19,0.14734935760498047,0.14382673411293934,0.1557048252296659
0.09,0.3722248077392578,0.36957177501064886,0.3692877485126248
0.05,1.2788887023925781,1.2797360044415718,1.288318889622642
0.05,0.01064300537109375,0.010713664327699268,0.009249487127426903
0.28,0.20115280151367188,0.19964689366229993,0.18844438741565528
0.18,0.20838642120361328,0.2077011702692655,0.21874219436227882
0.04,0.1442251205444336,0.14354022304161962,0.14354179574908688
1.31,1.0518712997436523,1.0514405940033715,1.0511863615347838
2.42,0.9713420867919922,0.9707684539677637,0.9791113261419747
0.19,0.4671592712402344,0.46078243129407204,0.4695662155928642
0.69,0.45792675018310547,0.45881135469523215,0.4526573018271352
0.03,0.3943643569946289,0.39514487101380724,0.3927386537267005
0.4,0.7471723556518555,0.7435173240309401,0.7399193320794536
0.09,-0.5171041488647461,-0.5160941076116603,-0.5131273660048347
0.37,0.6344776153564453,0.6314394281177436,0.636454414558949
0.28,0.4245262145996094,0.4257827945662518,0.424131953303842
0.01,-0.3420429229736328,-0.3432453540655782,-0.33027813784818083
0.05,0.8077592849731445,0.8077733985475586,0.8008746962421449
0.33,0.055176734924316406,0.05463401127210754,0.061510750915952594
0.03,0.5585861206054688,0.5602204195787726,0.5457657995173897
0.12,0.5079555511474609,0.5075757342966254,0.5189742964671532
0.38,-0.04350090026855469,-0.044280129677957136,-0.030438073993826253
0.47,1.6275672912597656,1.625063910355963,1.5989420280479134
0.06,0.2585477828979492,0.26023111462851567,0.2679451642147132
0.01,0.3932781219482422,0.394380325578062,0.40076302217997395
0.19,0.14188194274902344,0.13928443758793096,0.12702606485871631
0.55,0.40425682067871094,0.4035394992435122,0.41035490710558714
3.44,0.6331377029418945,0.6359433947659163,0.6332470897894964
0.52,0.39687156677246094,0.397700969140943,0.37903614156288307
0.1,0.10398292541503906,0.0990676172807261,0.1090451163644302
0.49,-0.24486541748046875,-0.2419725915528248,-0.23461975417359615
1.07,0.7230424880981445,0.7233848443566644,0.7154902938602281
0.1,0.5359430313110352,0.5344951703966012,0.5310803571243713
0.03,1.2086524963378906,1.2093713631071057,1.2101776459195484
0.58,0.1312103271484375,0.13444536854283817,0.13276633480157746
0.19,0.38175106048583984,0.3802273945475898,0.3829791560413427
0.49,0.5379571914672852,0.5282355342093492,0.5369080899121477
0.07,0.07012939453125,0.07015284169885905,0.07788166159180443
0.03,0.3793926239013672,0.38065033583332863,0.38900499157145807
0.08,0.5912704467773438,0.592929417128452,0.5886105447718113
0.12,0.20339107513427734,0.2011935256104258,0.1984232866386968
1.98,0.9148082733154297,0.9138825913366122,0.9052793337670895
0.17,0.4306354522705078,0.42894879524888574,0.43028585403957664
0.14,0.3565845489501953,0.34915392263590217,0.35438909073477326
0.27,0.7305173873901367,0.7319774859032815,0.722949737504949
0.21,0.5477724075317383,0.550922540030939,0.5663665929078203
0.24,0.7582378387451172,0.7587306191482559,0.75893448482466
0.24,0.0642251968383789,0.06331775059397637,0.05874466209558238
0.06,0.2582254409790039,0.2584484544074084,0.2586278177725419
0.08,0.17380619049072266,0.17467262833489716,0.17633361206998827
0.39,0.38669681549072266,0.38105710128207004,0.38230588959844064
0.31,0.27197837829589844,0.2709984940818415,0.25247596040329046
0.08,0.46729373931884766,0.4664232707355096,0.4655486834033968
0.66,0.17763519287109375,0.17863918532631295,0.17173642288555557
0.01,-0.4321432113647461,-0.4297621307759938,-0.4171741757101136
0.08,2.1669387817382812,2.1763016305987533,2.163863269413311
1.1,0.8178920745849609,0.8190841932995365,0.8131984441333756
0.26,-0.17787551879882812,-0.17962662098397297,-0.17296605816897304
0.05,0.564173698425293,0.564205967860441,0.5799068698658858
0.44,0.4576272964477539,0.4571449810831578,0.45538440762247345
0.4,0.6253461837768555,0.6264010740244594,0.6165380108433097
0.12,-0.25188541412353516,-0.25247846896620585,-0.2552696728401641
0.05,-0.19150924682617188,-0.1910712592569952,-0.1908377917757883
0.08,-0.13349056243896484,-0.1356263241268827,-0.1258220243197089
0.08,0.13079261779785156,0.13077124717176836,0.1442641938200186
0.01,0.16335487365722656,0.16306136176915897,0.1649104220283485
0.78,1.2170991897583008,1.2166288629428395,1.2193354001083532
0.13,0.5770769119262695,0.5770104256897199,0.5752566575019382
0.45,0.9798059463500977,0.9804388639424784,0.9716204701354181
0.02,0.3008708953857422,0.30314059379747804,0.3255000773236082
0.31,0.46634387969970703,0.4732004037152868,0.4820213451218758
0.09,-0.13634109497070312,-0.13572694584218792,-0.1386566459086377
0.1,0.5974044799804688,0.6000953354438316,0.6154403726921158
0.65,0.5058307647705078,0.5025919917504333,0.5031635582607039
0.16,0.5340061187744141,0.5333583289952177,0.5347104652455743
0.25,0.04633140563964844,0.04179880517485479,0.055576626091852765
0.05,0.22843551635742188,0.2283279359823478,0.24002836535104582
0.25,0.42498779296875,0.429465671251426,0.4324832933300968
0.12,0.1833810806274414,0.1813003229617094,0.20130459741135764
0.04,0.10137557983398438,0.10334330589424989,0.11185538496576236
0.28,0.056504249572753906,0.05731278938027451,0.05638580498518264
0.08,0.37572193145751953,0.374790573987019,0.37902404933104483
1.19,1.0677013397216797,1.0673133047910677,1.0764411633827295
0.06,0.1913013458251953,0.18962608651312762,0.1909361901568285
0.5,1.0227346420288086,1.020808413917721,1.027556573300771
0.08,-0.11664390563964844,-0.11874041723966489,-0.10869840650855478
0.08,-0.017493247985839844,-0.017163052836906445,-0.009646962440802986
0.13,0.6438064575195312,0.6434014649170128,0.6399134004071801
0.36,2.722466468811035,2.7266254736567506,2.7649516416619004
4.07,2.1766204833984375,2.1762820482214016,2.1739639699426485
0.2,0.3415355682373047,0.33841867278894866,0.3440372288708108
0.1,-0.020925521850585938,-0.020980578849146614,-0.019998860998139745
0.26,0.5058307647705078,0.5025919917504333,0.5031635582607039
0.37,1.8021516799926758,1.8028169941625545,1.8105823663023752
0.03,0.15412521362304688,0.15109763636628482,0.16373500561758625
0.25,0.588200569152832,0.5867348667779746,0.5865103908307091
0.23,1.103546142578125,1.1035810398257855,1.1010719625710836
0.16,0.29587554931640625,0.2957728389051266,0.29145688747741716
1.54,0.4884958267211914,0.48870643369836175,0.4860337067910526
0.03,0.3589591979980469,0.3599839876656763,0.3646534494361706
0.6,0.4256725311279297,0.4267590717925138,0.41938990792977504
0.02,0.3948631286621094,0.39509394829486255,0.40107045629917093
0.02,0.3277091979980469,0.3280741623008565,0.3264475990154051
0.01,0.26390647888183594,0.2611894050453125,0.2632296499319209
0.11,0.5538463592529297,0.5543215581378567,0.5517451840146845
0.11,-0.12711238861083984,-0.1279054203632708,-0.12250858675495702
0.11,-0.4589681625366211,-0.4615373261915292,-0.45523209969503486
0.03,0.5048084259033203,0.5016675425196659,0.5086741350091596
0.02,0.2739744186401367,0.2719587149565299,0.2716225848028848
0.28,0.4805479049682617,0.47927920892155496,0.4842915934049651
0.09,-0.011320114135742188,-0.01173537445877959,-0.0009728835535743885
0.07,0.23623085021972656,0.23499866681780568,0.23469372346085948
0.76,-0.3714866638183594,-0.37349853800285837,-0.38140684072962094
0.14,0.5758342742919922,0.5763493822309864,0.5717642566265887
0.25,0.4884958267211914,0.48870643369836175,0.4860337067910526
0.19,0.4044780731201172,0.405163569373314,0.40940647940665137
0.01,0.09938907623291016,0.10224340754112404,0.10583016839205533
0.59,0.39705944061279297,0.40180329717556984,0.41473093928919286
0.05,0.5020942687988281,0.5014022858807996,0.5123364547347364
0.11,0.34644222259521484,0.3456388539816684,0.34687120413755407
0.22,0.46816539764404297,0.46641921167853084,0.46376656884120004
0.03,0.6610889434814453,0.6572070948217312,0.64246092801099
0.01,-0.08614826202392578,-0.08852191907165707,-0.08537950605611877
0.94,0.8686962127685547,0.8694855039396439,0.8609946601687577
0.04,0.03464031219482422,0.03263600622077156,0.03227292092013667
0.24,0.35579776763916016,0.352729964803844,0.36047614964298297
0.1,0.5484237670898438,0.5493517949094808,0.5436284068708619
0.03,0.7057619094848633,0.7105590147961767,0.7134018912907374
0.28,0.49549388885498047,0.49630054378625754,0.5003671149241655
0.01,0.45923614501953125,0.45661586785609676,0.4580851999908017
0.24,0.042761802673339844,0.040501064350352056,0.03701091087315744
0.61,0.31745243072509766,0.3166995243508606,0.3191274922978713
0.02,0.1785745620727539,0.17552582707548714,0.1839358152072449
0.44,0.5058307647705078,0.5025919917504333,0.5031635582607039
0.65,0.36278533935546875,0.3624097660286567,0.35641146639957727
0.04,-0.08813190460205078,-0.08854300035329521,-0.08261611152040083
0.39,1.0727062225341797,1.0726497131273716,1.074024130597298
0.38,0.2330636978149414,0.23511062428106633,0.23732979065520432
0.05,-0.0631265640258789,-0.06294547530978223,-0.04346546074921287
0.25,0.41483402252197266,0.41498156620800475,0.41279172649168117
0.2,0.3355426788330078,0.3279386597992091,0.3313767939643063
0.22,0.9346914291381836,0.9271162282490262,0.9354987204581005
0.31,0.7117280960083008,0.7180622289722436,0.7258764606896436
0.1,0.7072820663452148,0.7058815939781664,0.6914039442124844
0.07,0.27074623107910156,0.2694755215201925,0.2736950884837611
0.1,0.3780651092529297,0.3799024349681155,0.3768705309792674
1.31,0.6211967468261719,0.6198248047014692,0.6156626703488136
0.31,0.17177677154541016,0.1648158149865444,0.16582366267893867
0.02,-0.3420429229736328,-0.3432453540655782,-0.33027813784818083
0.22,0.2472238540649414,0.24359772673657853,0.24946748892821946
0.09,0.33913612365722656,0.33748048493890015,0.33978507506376554
0.39,0.5754680633544922,0.5735836608426703,0.5679020416382949
0.17,-0.11874103546142578,-0.122102858186663,-0.12563268077092127
2.56,0.6186122894287109,0.6117108959504427,0.6256382547713271
0.26,0.34450626373291016,0.33948180836756325,0.33984054414981263
0.12,0.06893634796142578,0.06670720724350998,0.07402812769217193
0.01,0.29953575134277344,0.296166041174742,0.30052551398243854
0.47,1.106226921081543,1.1041931398620364,1.1116057255863807
0.26,0.5952377319335938,0.5996240973966076,0.6077213172124087
0.12,0.22141361236572266,0.2215292651592955,0.21885298902049588
0.37,0.9553346633911133,0.9546139729700762,0.9588172282346388
0.03,0.12220096588134766,0.12490294278327108,0.13903765477945484
0.25,0.20838642120361328,0.2077011702692655,0.21874219436227882
1.03,0.957789421081543,0.9585219851987676,0.9532906260639085
0.58,0.7053499221801758,0.7085728703096315,0.7089610926047505
2.26,1.9199199676513672,1.9192946826917794,1.917924171705189
0.02,0.6908416748046875,0.692336675306372,0.6865603679537151
1.14,0.5680065155029297,0.5659310376261815,0.5668421861848512
0.05,0.23146343231201172,0.22827039222720624,0.23015987072602068
0.24,0.6645679473876953,0.6580941442231634,0.6608600833815683
0.7,2.4347496032714844,2.4391283998424225,2.4055611752443267
0.02,0.19359874725341797,0.19696798449196495,0.1947768271342163
0.34,0.37644004821777344,0.37877397271718816,0.4037229176572762
0.28,0.5433950424194336,0.5427102915721185,0.5403219939730447
0.11,-0.17594051361083984,-0.17561727359523727,-0.1801513441837166
0.15,0.03665924072265625,0.03955338563883193,0.04212030840794734
0.28,0.677882194519043,0.6768731218130202,0.6678408664786786
0.02,-0.11831283569335938,-0.11635776484006688,-0.11032630673549793
0.13,0.4274139404296875,0.43080598449940277,0.4359200177048153
0.09,0.0733652114868164,0.07132573703677103,0.0694779315266657
0.02,0.2123432159423828,0.21084134934982068,0.2139484869272954
0.03,-0.15047836303710938,-0.15068434944053943,-0.14584106469459746
0.43,0.4607973098754883,0.4664704444130985,0.479032361034154
1.41,1.1178159713745117,1.1184474348114444,1.1135533622731129
0.02,0.2872285842895508,0.28481465314257526,0.29036549480445306
0.31,0.49317169189453125,0.49373899692452716,0.48524849667825243
0.13,0.1972217559814453,0.19566970223078983,0.20168911227463698
0.35,0.41823673248291016,0.41716365116572995,0.41673993882637994
0.51,1.1309947967529297,1.1315866685372091,1.1314392030115035
0.2,0.5058307647705078,0.5025919917504333,0.5031635582607039
0.93,0.36461925506591797,0.36249366579124587,0.36619267191006083
0.16,0.45684242248535156,0.4548120041697714,0.454125493361757
0.3,0.36969661712646484,0.3717104498655883,0.3655612716471711
0.05,0.5268106460571289,0.5262958892329954,0.5277485995411434
0.58,0.28714847564697266,0.2846580651427526,0.2949444759220084
0.67,0.8393764495849609,0.8390799622187961,0.8239027482591972
0.45,1.1990318298339844,1.1987442101110903,1.1832884712071583
0.09,0.7530050277709961,0.7518144580772956,0.7484309623341524
0.03,0.38347816467285156,0.3830892662881926,0.39702299261918256
0.23,0.19816017150878906,0.19078136907648702,0.19596198730835002
0.21,0.5173959732055664,0.5169960255967467,0.5164763466146127
1.15,0.6225519180297852,0.6210383738068075,0.6048460531536828
0.39,0.2295541763305664,0.2244289387875651,0.22363114322490868
0.24,0.6411046981811523,0.6421604471293207,0.655489461259208
0.09,0.45148277282714844,0.44882753336979686,0.4500044078374986
1.5,0.5123186111450195,0.5089240309339305,0.5094626350229433
0.07,0.11055278778076172,0.11698563922792271,0.13103546384419773
0.07,0.48573875427246094,0.4838769586093099,0.4874456480361527
0.08,0.5495843887329102,0.5482795486820808,0.544576648392421
5.08,3.027735710144043,3.0356772109947614,3.0177785377446056
0.08,0.822819709777832,0.8316065552823793,0.839615621961191
0.03,0.04333782196044922,0.0444381078919307,0.0645867249774873
0.12,0.0654458999633789,0.06289889626580258,0.07143024150712307
0.11,0.5975370407104492,0.5996101322112803,0.6012999410892531
0.67,0.7621212005615234,0.7608459942539756,0.7662468134751578
0.27,0.5451202392578125,0.548137503730274,0.5502604360028067
0.02,-0.20120906829833984,-0.2033389987928953,-0.15024133311801824
0.04,-0.10331916809082031,-0.10418571436365398,-0.09949931125007272
0.07,0.4052257537841797,0.4057800938232383,0.4022587677049346
0.04,0.03464031219482422,0.03263600622077156,0.03227292092013667
1.72,0.9197292327880859,0.9201915807565535,0.9063867779878294
0.93,2.5517845153808594,2.552517522665843,2.5480062466958056
0.84,1.441375732421875,1.4418502380181462,1.4418650838291018
0.1,-0.03297615051269531,-0.03575027289954269,-0.035967524706978615
0.46,1.1406774520874023,1.1415010946979298,1.1184659725830484
0.15,0.39012813568115234,0.3907614944713227,0.38753626107110895
0.02,0.1340951919555664,0.13097079592689398,0.13696191522809759
0.29,0.3523902893066406,0.3503364231249455,0.3585279850653339
0.1,-0.23338603973388672,-0.23076149120619704,-0.23897926255145496
0.51,0.6927480697631836,0.6858754757453713,0.7036674202004889
8.01,1.6268491744995117,1.6251751114723443,1.63370239381848
0.03,0.2756967544555664,0.2784597715040116,0.2903609578463964
0.09,0.47196197509765625,0.4722091146470242,0.469340418352632
0.02,0.5243158340454102,0.5240529223596191,0.5285045218645147
0.72,0.30359458923339844,0.30385378193340795,0.3015538839919214
0.22,0.4074430465698242,0.40661705991862207,0.41307261567174236
0.65,0.31745243072509766,0.3166995243508606,0.3191274922978713
0.28,0.6188478469848633,0.6206181393293448,0.6239364837607742
0.05,0.5370569229125977,0.539358663124851,0.5431067668732759
0.29,0.18706035614013672,0.18752856652094252,0.19507652207155657
0.03,1.6364669799804688,1.6356249977384194,1.6364529298381445
0.99,1.1880559921264648,1.1888130077309533,1.2040523948511521
0.04,-0.48435401916503906,-0.48529837989586655,-0.472615976267187
1.0,0.24123668670654297,0.24150465534146037,0.25230891411222217
11.77,2.016116142272949,2.02466583301668,2.0049655330242997
0.19,0.16530895233154297,0.16550084256438558,0.1761545010558926
0.19,0.2147541046142578,0.20678073450678047,0.21372436698805092
1.46,0.2504243850708008,0.2471292477215603,0.2540159198267918
0.58,0.3849611282348633,0.38491131802094447,0.38314246945553554
0.15,0.6528501510620117,0.6537192342300593,0.6475708837781092
0.26,0.43947505950927734,0.4385571760985896,0.4377323309778078
0.6,1.3224906921386719,1.3215694170884245,1.323868419697174
0.21,0.7573223114013672,0.7570135957792892,0.7528296404086919
0.14,-0.05649375915527344,-0.05779644315607002,-0.05557123220733551
0.17,0.0062465667724609375,0.00855139298554608,0.0012536497989531492
0.02,0.2798585891723633,0.2803008214388467,0.2876985856735563
0.32,0.7582378387451172,0.7587306191482559,0.75893448482466
3.96,2.432859420776367,2.4329361380543544,2.4239290554309783
0.2,0.1146087646484375,0.11470787284745221,0.12485556157095179
0.2,-0.6183300018310547,-0.6215264772789781,-0.6129569049844595
0.07,-0.5124177932739258,-0.5127826756716145,-0.5032600895567815
0.06,0.45401573181152344,0.45547667051073826,0.4451509716916461
6.45,2.0824642181396484,2.0839956686910344,2.0758174317813674
0.18,0.4315061569213867,0.43117056337975224,0.4389139804867325
0.57,0.9907016754150391,0.9891759022478237,0.994725179040771
0.14,0.16896820068359375,0.17361118454279412,0.19369890032283243
0.04,0.02354907989501953,0.02342351866298853,0.030615875807655235
0.27,-0.026805877685546875,-0.024656739204145017,-0.01677585738509768
0.1,0.7072820663452148,0.7058815939781664,0.6914039442124844
0.12,0.3467569351196289,0.3482882341894089,0.3502192767761929
2.22,3.046794891357422,3.051423074791431,3.039389815631933
0.39,-0.0564117431640625,-0.05613044248326449,-0.04916128972781253
0.06,0.09339523315429688,0.09383308735790452,0.10596232654924398
0.26,0.5750045776367188,0.5755186999001378,0.5705884864908982
0.29,0.6741218566894531,0.669631463633134,0.6826644584580047
0.31,0.3491697311401367,0.3456019114580775,0.3445002890240121
0.15,0.6130609512329102,0.6140091766260127,0.605744504821766
0.18,0.5222015380859375,0.5229584305677895,0.5222711394124286
0.18,0.6438064575195312,0.6434014649170128,0.6399134004071801
0.05,-0.19324016571044922,-0.1923006502977549,-0.17560544217956287
0.26,0.2702474594116211,0.26555953789488007,0.2727996791882715
0.07,0.39209842681884766,0.392780074233962,0.39267097918226945
0.68,0.8594388961791992,0.8598969017253104,0.8595061222071348
0.63,0.2747802734375,0.2722464495085941,0.2711532509606631
0.42,0.6272354125976562,0.6282923192398642,0.6112974732383643
0.02,0.40814781188964844,0.399501978331394,0.4036702537393987
0.15,0.43083858489990234,0.4294957832009503,0.4380860653863011
1.34,0.9511022567749023,0.9521230726493259,0.9661234626925514
0.17,0.42232608795166016,0.41603373741149907,0.4196017536489583
0.04,0.7505569458007812,0.7509781625962828,0.7471785845540478
0.04,-0.15354537963867188,-0.15160064623968084,-0.1455953830254645
0.51,0.6614170074462891,0.6602062443776415,0.6638992116139366
0.38,0.19450664520263672,0.19414896893228062,0.20375121176164468
0.02,-0.3420429229736328,-0.3432453540655782,-0.33027813784818083
0.39,0.7026176452636719,0.7000347974733045,0.67628864939995
10.3,2.2384109497070312,2.2489012817683345,2.232819660724588
0.02,-0.02264690399169922,-0.023297225754164597,-0.004340916146616469
0.1,-0.17807769775390625,-0.17825136379193074,-0.18222176979599014
1.13,0.18300724029541016,0.1797510020114339,0.18510794594807212
0.06,0.3727407455444336,0.372713970800963,0.3802793713493354
0.17,0.5359430313110352,0.5344951703966012,0.5310803571243713
0.41,1.1154060363769531,1.1134734505859738,1.109602090718853
0.2,0.2749042510986328,0.27340072113576475,0.2745790430570031
0.03,0.2716226577758789,0.2739704705029664,0.2784400306910505
0.33,0.6211967468261719,0.6198248047014692,0.6156626703488136
0.76,0.26390647888183594,0.2611894050453125,0.2632296499319209
0.22,2.2384109497070312,2.2489012817683345,2.232819660724588
0.01,0.2585477828979492,0.26023111462851567,0.2679451642147132
0.07,0.15744781494140625,0.16071131093126056,0.15977273538420272
0.01,0.38715171813964844,0.3851364804264932,0.3868014473319691
1.18,1.260493278503418,1.2610445791593077,1.2413690774206292
0.04,-0.45781803131103516,-0.4565876003090339,-0.4393764726706094
0.11,0.10137557983398438,0.10334330589424989,0.11185538496576236
0.27,0.15247440338134766,0.1531818270219254,0.1649853829496613
0.07,0.5359430313110352,0.5344951703966012,0.5310803571243713
0.17,2.2384109497070312,2.2489012817683345,2.232819660724588
0.05,0.5848627090454102,0.584806033001507,0.5826123840938306
0.19,0.3290271759033203,0.32724841934992455,0.33379948197374243
0.15,0.3743753433227539,0.3685406242470739,0.3809286754372029
0.19,0.26114845275878906,0.2556987995245348,0.28784657336553526
0.15,0.6209011077880859,0.6206415777113916,0.6165321346584172
0.15,0.8141918182373047,0.8135009148207324,0.8112238699476206
0.03,-0.13677597045898438,-0.14041308820771192,-0.12232261235994668
0.36,1.8155403137207031,1.8186934126479075,1.808288364017832
0.12,0.3342571258544922,0.33373379798913083,0.3151361407317756
1.18,1.6980743408203125,1.5408544304832554,1.5419187376689263
0.5,0.05568218231201172,0.053851269057464624,0.05528521769060368
0.34,0.7714118957519531,0.770174984574006,0.76666074012165
0.2,0.1725778579711914,0.17491143810575127,0.18069244859421552
0.16,-0.2161722183227539,-0.2169265546244188,-0.22166039310776642
0.54,0.6821441650390625,0.6821238574562647,0.6795024162689777
2.49,0.8535594940185547,0.8536732247198846,0.8519173978639212
0.24,0.6416101455688477,0.6364356612811255,0.6388697727924405
0.11,0.60052490234375,0.6073711065307246,0.6117614942609024
0.09,0.07446479797363281,0.07290222798054224,0.0721050454943507
3.1,4.426032066345215,4.423439154366989,4.421565643709598
0.45,0.8014249801635742,0.8009490129959007,0.7828197201130114
0.3,0.6610889434814453,0.6572070948217312,0.64246092801099
0.14,-0.16988086700439453,-0.17254784867458972,-0.16291340866448
0.04,0.2778501510620117,0.27806500627212816,0.2883642389659654
0.13,0.6359767913818359,0.635596522832937,0.6310678551103863
0.24,0.04264259338378906,0.043467791294864444,0.07317272223456028
0.39,0.6579055786132812,0.6568645346088993,0.6595505023369423
0.01,0.19871902465820312,0.19975347714106917,0.21887797291990407
0.44,0.35201072692871094,0.35225692774773454,0.34436330102482743
0.04,0.24471759796142578,0.2411263304132516,0.24890278072758898
0.48,0.5545978546142578,0.5547844135227356,0.5551334538468343
1.07,1.0350656509399414,1.0341587778398647,1.0243085576192004
0.03,-0.02264690399169922,-0.023297225754164597,-0.004340916146616469
0.23,0.6345596313476562,0.6353847165776392,0.6301882963819064
0.05,0.17380619049072266,0.17467262833489716,0.17633361206998827
0.89,0.7167282104492188,0.7174337903938344,0.7307476597614021
0.03,0.3719348907470703,0.37165360375309975,0.3760919507850708
0.1,0.7549953460693359,0.7538821442171333,0.7469033797190162
0.98,0.27915477752685547,0.279461940932596,0.28490235464838415
0.15,0.7664012908935547,0.7647705342532343,0.761195413849136
0.49,0.6337766647338867,0.6284642952211208,0.6336304334379307
0.1,0.40811729431152344,0.4079498864809079,0.4198133663007392
0.06,-0.05639076232910156,-0.057868331838300646,-0.0632710221369489
0.06,0.08061027526855469,0.07882598710441635,0.08140216503523512
0.15,0.3043222427368164,0.30639757102544496,0.30956272660218803
0.11,1.7666759490966797,1.7734908788458466,1.7700522616362337
0.34,0.45294189453125,0.44846446640109927,0.4568472129689063
0.2,0.19871902465820312,0.19975347714106917,0.21887797291990407
0.05,0.17639923095703125,0.17435055429810076,0.18290570313711085
0.56,0.6736888885498047,0.674189973822994,0.6777394735370258
1.01,0.4531097412109375,0.4496304122760413,0.4580602220894793
0.15,0.14734935760498047,0.14382673411293934,0.1557048252296659
0.1,0.4989471435546875,0.5003177002640999,0.4974568968326924
0.02,-0.3219184875488281,-0.32160041867036204,-0.31870947318041587
1.37,0.8712968826293945,0.870944083781986,0.8717284169503169
0.07,0.04850292205810547,0.04781139363773046,0.05547462217568733
0.21,0.3491697311401367,0.3456019114580775,0.3445002890240121
0.1,0.4262218475341797,0.42014559172813915,0.41912757411236423
0.09,0.46074771881103516,0.4608519738950536,0.458202652903244
0.38,1.142024040222168,1.1444270295082082,1.134240905688118
0.13,0.6454133987426758,0.6462515363382835,0.6314910936598511
1.59,1.0350656509399414,1.0341587778398647,1.0243085576192004
0.37,0.6566562652587891,0.6534348456645134,0.6503506478489894
0.4,0.3953227996826172,0.3918184552499131,0.39729783415690656
0.33,0.7507171630859375,0.7518160844095845,0.749632517871506
0.17,-0.2116260528564453,-0.21537579828035724,-0.21466341595896987
0.28,0.496124267578125,0.4957899487556101,0.4940321792423895
0.48,0.5635757446289062,0.5641803115354416,0.5557261395865724
0.07,0.771571159362793,0.7724194219512044,0.7659584277084865
0.44,1.0055599212646484,1.0057469824904808,1.0037812515129043
0.08,0.1340951919555664,0.13097079592689398,0.13696191522809759
0.42,2.2117233276367188,2.213584607580567,2.2051322612162174
0.25,0.6141386032104492,0.6113569411998223,0.6120264295473254
0.04,0.07895660400390625,0.07886808974839798,0.07589075991293714
0.61,0.7584409713745117,0.759854171888473,0.7558697552404307
0.24,0.8811626434326172,0.8807572438739051,0.8741945706737836
0.18,0.3759336471557617,0.3747215846885583,0.38898173092275506
0.02,0.5212898254394531,0.5239383508472351,0.5198304858276597
0.02,0.2771568298339844,0.2777624290639913,0.28673003800117947
3.47,2.2638206481933594,2.2624297905518893,2.2623626545880966
0.18,0.04522991180419922,0.04515537839182082,0.05441179832483434
0.19,-0.07689857482910156,-0.07866462771655103,-0.07830279759207348
0.01,-0.0016050338745117188,-0.002081962917471536,0.01867138062385043
0.34,0.583796501159668,0.581620046185866,0.5775678814032001
0.4,0.5971231460571289,0.5963891405936963,0.5833806743746968
0.11,-0.3720664978027344,-0.37032918407379634,-0.35986361481039664
2.99,2.4878854751586914,2.492993389646892,2.4568101643680462
0.22,0.3241586685180664,0.32444251829152715,0.32974288632641935
1.72,1.3991479873657227,1.3990744913705386,1.3944499989116137
0.3,0.789891242980957,0.792625048676846,0.7908426982539555
0.31,0.7975311279296875,0.7992901502571477,0.7992957134345462
0.32,0.7160091400146484,0.7171247235444715,0.7165227414784514
0.28,0.7793283462524414,0.7798961012911525,0.780228056002576
0.19,0.30632495880126953,0.3058931847166555,0.32283225313659386
0.02,0.3100748062133789,0.31012868203923705,0.31219287782238553
0.03,0.3523435592651367,0.35210233394876433,0.3590451420920372
0.52,0.8816738128662109,0.8835346992239406,0.8800563434732335
0.21,0.9141473770141602,0.9145827172391878,0.8944038352764051
0.16,0.7135000228881836,0.7115798626412775,0.7031314552992188
0.41,1.260300636291504,1.2536477785595026,1.261396173695926
0.6,-0.2125406265258789,-0.21403976498708333,-0.1623373607822749
0.18,0.20727252960205078,0.2079224303154512,0.20121119805321436
0.4,0.16335487365722656,0.16306136176915897,0.1649104220283485
0.33,0.643946647644043,0.6408383348482722,0.6386412218766171
0.08,-0.058353424072265625,-0.0584629039575133,-0.0491145752209049
5.42,0.7399806976318359,0.7419858834180142,0.7423084026960968
0.25,-0.06677913665771484,-0.06306692379605106,-0.048691869564353674
0.03,0.11496162414550781,0.11698039021061035,0.11977676145435867
0.18,0.01111602783203125,0.013974801976804452,0.03177226674085032
0.2,1.2972850799560547,1.2989931661953293,1.2902480355526138
0.19,0.7810869216918945,0.7826524841728149,0.7920226191977934
0.15,0.5812015533447266,0.5821371648701086,0.5699210772058758
0.13,0.6528501510620117,0.6537192342300593,0.6475708837781092
0.22,0.7811918258666992,0.7862666321989198,0.7898687906994464
1.59,0.8829545974731445,0.8814165950491062,0.8737524004632723
0.96,0.3966350555419922,0.3962019097477678,0.4034636615763045
0.43,0.41911983489990234,0.42073281370390947,0.4165397460760664
0.02,-0.7920055389404297,-0.7914110553402918,-0.7807749311591404
0.36,0.4896526336669922,0.49097574442946446,0.5002952572425432
0.1,-0.00983428955078125,-0.013152776232677521,-0.007350243582418536
1.64,0.8059673309326172,0.8071140473723575,0.8013168664526562
0.17,0.31745243072509766,0.3166995243508606,0.3191274922978713
0.06,0.4602508544921875,0.46129029970463997,0.4591716741244987
0.25,0.5283107757568359,0.5279507285895808,0.5207848590482649
0.1,0.9950847625732422,0.9957679784019628,0.9898259033650105
0.04,-0.16145801544189453,-0.16413907840293773,-0.15443648781200536
0.06,0.07051277160644531,0.06846816122069899,0.07328376318057306
0.5,0.34476566314697266,0.34843075806467416,0.356700363205779
1.33,0.2479724884033203,0.2458179854792497,0.2512443509778131
0.55,0.24393177032470703,0.24212516572146492,0.2396958867581639
0.04,-0.5143117904663086,-0.512094350303538,-0.4982838524511898
0.05,0.03464031219482422,0.03263600622077156,0.03227292092013667
1.19,0.5043668746948242,0.5035352568739733,0.5121786168432922
0.1,0.21411895751953125,0.21690320989738265,0.22008089620518734
0.1,0.27517032623291016,0.2766625307108652,0.28070482142747244
0.09,0.252288818359375,0.24983002911622743,0.25734214053971316
0.01,0.26390647888183594,0.2611894050453125,0.2632296499319209
4.38,2.7137975692749023,2.711309432010049,2.708825023701561
0.29,0.3324775695800781,0.3289273610414465,0.3340498021526617
0.11,0.41375160217285156,0.41847784759220086,0.4251814261605433
0.01,0.03464031219482422,0.03263600622077156,0.03227292092013667
0.02,0.24245548248291016,0.24274452799598856,0.24186528579096278
0.24,0.7390117645263672,0.7383182066180103,0.7303248883701285
5.82,6.312199592590332,6.31414451587553,6.304266478848582
0.25,0.4711437225341797,0.4726429241111154,0.4680420062941387
0.02,0.10985851287841797,0.1078273578779827,0.11251760973126917
0.19,0.1913013458251953,0.18962608651312762,0.1909361901568285
0.27,1.8571662902832031,1.8605956363713174,1.8507751275498094
3.62,0.8974466323852539,0.8963161048978951,0.8942704967338027
0.23,0.5146265029907227,0.5151492052235889,0.5069959249505711
0.26,0.44593334197998047,0.4491746412426316,0.44686749248966207
0.06,1.9370155334472656,1.9449826667898502,1.9280106692616852
0.56,0.9419393539428711,0.9412041134903459,0.9310152952365808
0.38,0.4307689666748047,0.4321449744443797,0.4256027368079976
0.31,0.19182872772216797,0.1883817652615325,0.20267872520881325
0.55,1.048330307006836,1.0509802111403919,1.0494444209342673
0.15,0.5799312591552734,0.5778599959424646,0.582316403362892
0.1,-0.0729227066040039,-0.07225015368396215,-0.0745858337726929
0.19,0.1696023941040039,0.16926474699123784,0.1828361147338493
0.01,0.1464071273803711,0.1479831143943564,0.16568715729969274
0.32,0.9286832809448242,0.927657738907905,0.921513029173791
0.02,0.03464031219482422,0.03263600622077156,0.03227292092013667
0.46,0.7903146743774414,0.7883207690229483,0.7655920008817123
0.13,0.20094776153564453,0.19829399854107033,0.1991761806815961
0.1,0.2030048370361328,0.20038022161673896,0.20845547989450086
0.24,0.4053525924682617,0.40563601242000735,0.41141388918383776
0.08,0.48219871520996094,0.4792968509443776,0.47956701704420207
0.08,0.14563369750976562,0.1452162271801798,0.15102667894285404
0.13,0.3281698226928711,0.32294881026231903,0.33595378675121584
0.44,0.5890474319458008,0.5868344769745153,0.584352934694625
0.45,1.0081462860107422,1.0071303304729902,1.0080836986656465
0.16,0.5890483856201172,0.5873219295175185,0.592315705095688
0.85,0.9464015960693359,0.9483876379067482,0.9443775833973393
0.16,0.3094959259033203,0.315733250655845,0.3233863529855994
0.08,0.08022880554199219,0.07744675592619998,0.08206304485825333
0.19,0.38892459869384766,0.3892991755204418,0.38808388360914875
0.5,1.1323986053466797,1.133226618157491,1.1344489218447347
0.03,-0.1556539535522461,-0.15522842237214207,-0.15703698919891107
0.04,0.17028141021728516,0.1699895191011147,0.18047861635374862
0.18,-0.1235818862915039,-0.1227127570800548,-0.11094193181870493
0.05,0.29644203186035156,0.2960165163204618,0.3111412980602014
0.17,0.006485939025878906,0.007648123448531274,0.01469938619231026
0.01,0.07012939453125,0.07015284169885905,0.07788166159180443
0.05,0.37506103515625,0.3782221818126048,0.3773494741579152
0.08,0.6121006011962891,0.6094271072410693,0.5934228631120431
0.08,-0.1379709243774414,-0.13903339502267498,-0.13728893579766865
2.34,0.6276445388793945,0.6281254902413163,0.6193951881364939
0.25,0.10452938079833984,0.10517261251339116,0.13138127264665783
0.08,0.31768131256103516,0.3203508534401889,0.3221675355043365
1.55,0.33477306365966797,0.3327435524271569,0.328044967970266
2.21,0.4699249267578125,0.47449430722872643,0.4773827317816794
0.05,-0.8149433135986328,-0.8159164596343174,-0.8051693527048706
0.15,0.3869924545288086,0.3874229574168926,0.38214952317099493
0.04,0.18776988983154297,0.1866128093746937,0.18748885381828062
0.71,0.5224590301513672,0.5225198420046788,0.5237133498906519
0.43,0.7765254974365234,0.7774333810197378,0.7700923630627855
0.54,0.5647058486938477,0.563718298690183,0.5629585366445659
0.73,1.2632808685302734,1.2639326062542091,1.2652203296635993
0.09,0.13805294036865234,0.13697793847638873,0.17083145532577015
0.98,0.8041286468505859,0.8052524527299081,0.7993465708114862
0.01,0.3062324523925781,0.3080304816499555,0.3194896249067586
0.3,0.3528003692626953,0.3512511318713971,0.34898941176524306
1.23,3.255636215209961,3.3122643672913346,3.118240830464394
0.11,0.5027265548706055,0.5040002428152741,0.5099034995819798
0.03,0.6217727661132812,0.6223656887457094,0.6202209625943326
0.24,0.26922607421875,0.27313802690061495,0.28652609111092336
0.12,0.5002727508544922,0.4999404643411227,0.4950243374171676
0.49,-0.8922281265258789,-0.8914036151188895,-0.8837854697194863
0.15,-0.0012006759643554688,0.0016656641110801562,-0.002833795653796378
1.42,0.3867378234863281,0.3809660262227248,0.379824444072554
0.12,0.08552265167236328,0.09271760298956777,0.10511232624959549
0.14,0.05722999572753906,0.05567692668786095,0.056347703715137976
0.1,0.4062814712524414,0.40621530178985066,0.4071162104935441
0.76,0.7634563446044922,0.7634257246430338,0.7598541523757922
0.04,1.9860038757324219,1.992762654370512,1.9770487341606322
0.03,0.21668720245361328,0.21602548298159374,0.23500874773613167
0.22,0.06658363342285156,0.0651621176875341,0.06563932004112016
0.91,0.7172393798828125,0.7184251461631648,0.7137942639449736
0.06,-0.0054492950439453125,-0.0071087367698752235,-0.005184914571813026
0.13,0.6610889434814453,0.6572070948217312,0.64246092801099
0.84,0.6525354385375977,0.6474125400235038,0.6497997014608087
0.31,0.7582378387451172,0.7587306191482559,0.75893448482466
1.27,1.0204553604125977,1.0220729603161822,1.0121444391679595
0.04,0.39356136322021484,0.3934145747778164,0.41405417927767774
0.3,1.1270437240600586,1.1273409998224269,1.132834865087562
0.4,0.4609193801879883,0.4596979752766248,0.4664449224180554
0.04,0.08536624908447266,0.08626597318595808,0.09691552391902836
0.65,2.229827880859375,2.2401062177293243,2.2244825657084686
0.02,0.6374034881591797,0.6378398483005214,0.6317936843779813
0.06,0.16412639617919922,0.16559603318435934,0.18223915195374274
0.29,0.8034830093383789,0.8038794527384465,0.798724794746819
0.02,0.5460014343261719,0.5461816081999216,0.5427849661276862
0.02,0.03464031219482422,0.03263600622077156,0.03227292092013667
0.46,0.8495302200317383,0.8525277679915189,0.8391516009386527
3.02,0.9357814788818359,0.9358673452654775,0.9400423869232238
0.35,0.8040523529052734,0.8034157818493031,0.8009232032102029
2.79,1.0645427703857422,1.0656998892726675,1.0609974239108764
0.06,0.2702474594116211,0.26555953789488007,0.2727996791882715
0.23,0.5363397598266602,0.5310926475200435,0.5331115829897473
0.07,-0.4911775588989258,-0.49142654967297084,-0.4792001151735993
0.09,1.0141191482543945,1.0164289906567954,1.0157658378869894
0.15,1.0082712173461914,1.0090712283048546,1.0003212349278823
1.34,0.921391487121582,0.9875419606120797,0.8336248293328601
0.07,0.5589666366577148,0.5564569815549028,0.5544125473844234
0.08,0.011586189270019531,0.009489761822890408,0.017050770680467786
0.64,0.8437776565551758,0.8462848857831664,0.8424148898536408
0.02,0.43968772888183594,0.4356085282150539,0.43810430296733793
0.28,0.6171875,0.6143402305234058,0.6137128408876107
0.01,0.2609386444091797,0.2606177556053646,0.2556746735344195
0.03,-0.21343421936035156,-0.21324719936460457,-0.20616867735535505
0.12,0.090545654296875,0.08853140467722409,0.0925327867782284
0.42,0.4293241500854492,0.43017707701632846,0.42410929026425453
0.36,0.9411783218383789,0.9395788068355655,0.9403364973118089
0.09,0.26390647888183594,0.2611894050453125,0.2632296499319209
0.41,0.4648723602294922,0.4650858544390166,0.44557278677193163
1.42,0.8059673309326172,0.8071140473723575,0.8013168664526562
0.07,0.3043069839477539,0.304058946361319,0.30324613876001655
3.28,1.2245845794677734,1.225027926561249,1.2180649325766377
0.09,-0.02586841583251953,-0.026218833120587703,-0.01439907541667329
0.03,0.33890819549560547,0.3367251307548522,0.34764431178627897
0.01,-0.02264690399169922,-0.023297225754164597,-0.004340916146616469
0.15,0.5135650634765625,0.5146511315703002,0.5304758342459889
1.38,1.6058378219604492,1.60505035216746,1.5903665486190346
0.08,0.05568218231201172,0.053851269057464624,0.05528521769060368
0.2,0.7764549255371094,0.774439907772767,0.7549600400990997
0.02,0.03464031219482422,0.03263600622077156,0.03227292092013667
0.07,0.40958499908447266,0.4069551755007992,0.4049223533569174
0.25,0.11558818817138672,0.1149289153513613,0.12612013076027911
0.04,-0.02995586395263672,-0.03114081814541203,-0.015331190220812974
0.27,0.19182872772216797,0.1883817652615325,0.20267872520881325
2.18,1.4469757080078125,1.4468402658418986,1.448969334677423
0.05,0.42612361907958984,0.4213038888834464,0.4504738961243732
2.82,1.899038314819336,1.900351056465237,1.8954152178898278
0.47,1.2196884155273438,1.2191455946230465,1.2316013811412274
0.25,0.7860937118530273,0.7839057481490443,0.7779336357830116
0.04,0.1913013458251953,0.18962608651312762,0.1909361901568285
0.02,1.1334199905395508,1.1349957257294538,1.1121133464691324
0.02,0.03464031219482422,0.03263600622077156,0.03227292092013667
0.32,0.5181150436401367,0.5224963861717977,0.53753200334096
0.26,0.5813350677490234,0.5813146591555405,0.5695450736865356
0.06,0.3447895050048828,0.3427939284308048,0.3450788279315568
0.47,0.21335697174072266,0.21356161370472693,0.20845552741702084
0.14,0.9506950378417969,0.9515088478104916,0.9538578624389845
0.03,-0.6175451278686523,-0.6150603038933466,-0.6048913852730425
0.27,-0.006270408630371094,-0.004212084454691789,-0.0020198732275438225
0.07,1.8750362396240234,1.8852646109149411,1.8749556321990992
0.3,0.9712629318237305,0.9672740205843211,0.9610906085357163
0.04,-0.08394527435302734,-0.08269623931230252,-0.076205118063854
0.04,-0.0781545639038086,-0.07769064154978689,-0.07521533155041771
0.02,-0.2607250213623047,-0.2600135482119581,-0.24530767086758942
0.49,0.4660968780517578,0.46674405841564237,0.46740067155404197
0.19,0.4634256362915039,0.4641484547592798,0.4699968893625439
0.5,0.6173639297485352,0.6147051631684366,0.5917063361755077
0.31,0.3957958221435547,0.3960869729895151,0.39488628623657207
0.43,2.226726531982422,2.227567113395455,2.2229805749989833
0.12,0.18706035614013672,0.18752856652094252,0.19507652207155657
0.24,0.40032386779785156,0.39856262872423565,0.40045322213457446
0.51,-0.3634939193725586,-0.3616902311149024,-0.35164250198913904
0.17,0.44376659393310547,0.4432427384536488,0.43548907017406496
0.08,0.15276432037353516,0.1534573654982041,0.15332131529952137
0.13,0.01128387451171875,0.009389783523878759,-0.005791568796848279
0.05,-0.17873859405517578,-0.18086930300329218,-0.17818697966626862
0.8,0.6758947372436523,0.6741989779903035,0.6699485159564018
0.27,0.6667604446411133,0.6673808096859333,0.6481191577522878
4.33,1.9077558517456055,1.9128921009475852,1.9000621624614342
0.28,0.5359430313110352,0.5344951703966012,0.5310803571243713
0.05,0.5044279098510742,0.5002170145293754,0.48379765877429814
0.2,0.09188270568847656,0.09046171059957775,0.09595403071707109
0.64,0.3921661376953125,0.39740269493746405,0.4025215246686418
0.49,0.2850770950317383,0.28821613848861904,0.2866190695026243
0.29,0.4053525924682617,0.40563601242000735,0.41141388918383776
0.34,1.0029315948486328,1.0018870708279228,1.0099827054485768
0.18,0.6250448226928711,0.625992389481292,0.6284991582903321
0.13,-0.32171058654785156,-0.32294793018489054,-0.3102399576387159
1.7,5.348313331604004,5.346395533419982,5.336797650339169
0.27,0.4129610061645508,0.41287906861117296,0.4161516824303225
0.11,0.05780029296875,0.05792669165449271,0.056400141098112866
0.3,0.4506359100341797,0.45064792721370317,0.43483199090751096
0.09,-0.14766788482666016,-0.1492992615155584,-0.09716151345276525
0.1,0.8586206436157227,0.8593671349483953,0.8500392634257979
0.84,0.8991680145263672,0.8990743991835051,0.8856479367480374
5.19,2.7408809661865234,2.7503083056549764,2.743560922303742
0.06,0.20838642120361328,0.2077011702692655,0.21874219436227882
0.1,0.10137557983398438,0.10334330589424989,0.11185538496576236
0.09,0.46816539764404297,0.46641921167853084,0.46376656884120004
0.02,0.5534286499023438,0.5508317180912958,0.5450372079332912
0.23,0.5668268203735352,0.5677412450889427,0.5699672359413788
0.07,0.07012939453125,0.07015284169885905,0.07788166159180443
0.52,0.6600894927978516,0.6570051375181067,0.6585370690379819
0.23,0.4101877212524414,0.411224719193255,0.40240178532403187
0.01,0.20884037017822266,0.20576732053142588,0.21223739022756782
0.76,0.6827068328857422,0.6818640122919657,0.6908272336385174
0.06,0.40495872497558594,0.40661982708676336,0.4126718560973489
0.09,-0.040686607360839844,-0.04688254615155274,-0.04399352859109262
0.02,0.09188270568847656,0.09046171059957775,0.09595403071707109
0.01,-0.08614826202392578,-0.08852191907165707,-0.08537950605611877
0.14,-0.012991905212402344,-0.014523940132438184,-0.002931785924225938
0.08,0.27419281005859375,0.27347369379140996,0.2744175835359878
0.01,-0.12897300720214844,-0.12895834064104528,-0.11444459398223794
0.33,0.38977622985839844,0.388092563661788,0.39240378933805536
0.01,0.5034904479980469,0.5024932854705979,0.5013222520508221
0.01,0.03919219970703125,0.04163459349309595,0.046844894830569195
10.5,4.014402389526367,4.0148885846099995,3.9981356392474807
0.02,-0.10891532897949219,-0.10894307733681496,-0.09418200893788675
0.45,0.5058307647705078,0.5025919917504333,0.5031635582607039
1.24,0.47154998779296875,0.4748166486917975,0.4741958933860324
0.08,0.5553140640258789,0.5534667693140234,0.5515546125517778
0.24,0.27669715881347656,0.2730467985770144,0.2835212858803686
0.14,1.9512691497802734,1.9613517472601356,1.952592056067068
0.49,0.2364969253540039,0.23291509944292632,0.24708992277018926
0.14,-0.02586841583251953,-0.026218833120587703,-0.01439907541667329
0.02,-0.07517719268798828,-0.07416104854287808,-0.06182303065303185
0.56,0.47504425048828125,0.48410141545103147,0.4917732297117659
0.14,1.0017147064208984,1.0015254380981586,1.0022274573476633
2.35,3.6190109252929688,3.675901038144728,3.4761048589898826
0.13,0.1555461883544922,0.14941567297621816,0.15832627936905563
0.02,-0.6125316619873047,-0.6117914927566919,-0.6004196600508337
0.17,0.45838451385498047,0.4625407986675898,0.4614478662054261
0.02,0.30928611755371094,0.31171714753442026,0.31374014663757094
0.17,0.5650491714477539,0.5663956800884737,0.5665566438884742
0.05,-0.06990814208984375,-0.07051220884429976,-0.06629803084188723
0.55,1.392812728881836,1.3954466708964524,1.3966898473749016
0.01,-0.631810188293457,-0.6320781926602201,-0.6202905728377589
0.18,0.12853431701660156,0.12659642328264153,0.13981014050264767
0.51,0.7152462005615234,0.7134598722961467,0.7186830847084533
0.77,0.7903146743774414,0.7883207690229483,0.7655920008817123
0.01,0.01958751678466797,0.018949281457880884,0.025482894970416115
0.35,0.4981060028076172,0.49923453864304523,0.4921154793805727
0.19,-0.008971214294433594,-0.009530324527970535,0.0009267978291901402
0.03,0.04965019226074219,0.05113310282110439,0.07211227103281004
1.19,1.952235221862793,1.9574471320961784,1.9470360624405818
0.19,0.46977996826171875,0.47083632287641675,0.46733575841613445
0.28,0.15412521362304688,0.15109763636628482,0.16373500561758625
0.6,0.1840066909790039,0.18500003125121478,0.19216409734151996
0.26,0.09266281127929688,0.09172209717309276,0.0816445414425675
0.07,-0.44052886962890625,-0.4401937373890561,-0.4339975805507327
0.14,0.5856771469116211,0.5854385596289433,0.5737616832177329
0.32,0.2678108215332031,0.26744837643399877,0.2584603380161743
1.25,1.5995750427246094,1.5984352768053283,1.594057565544662
0.26,0.33482933044433594,0.3384354740290034,0.35348081632480266
0.04,0.17093181610107422,0.17126067537676404,0.18166923086518266
0.04,-0.049457550048828125,-0.049854618975310405,-0.04043153856754855
3.37,1.9191341400146484,1.9187398309043158,1.9240218239105205
0.01,0.029352188110351562,0.03037796603668763,0.04532535546728356
0.12,-0.006270408630371094,-0.004212084454691789,-0.0020198732275438225
0.42,0.6566562652587891,0.6534348456645134,0.6503506478489894
0.14,0.5376272201538086,0.5396109813879126,0.5337977729337625
0.21,0.5517787933349609,0.5501510277439776,0.555062697914574
0.61,0.5924434661865234,0.5898598002138826,0.5925817024776318
0.05,0.4306354522705078,0.42894879524888574,0.43028585403957664
0.17,0.44870662689208984,0.44851690545362266,0.48276057998395727
0.19,-0.11263847351074219,-0.1128599450967005,-0.10120509083081874
0.46,0.02606678009033203,0.028149429705983442,0.029825339733680067
0.17,0.6211967468261719,0.6198248047014692,0.6156626703488136
0.16,0.23466777801513672,0.23438520334534085,0.23759589902206418
0.02,0.5058307647705078,0.5025919917504333,0.5031635582607039
0.26,1.4867000579833984,1.488782676420419,1.494449283443649
0.03,-0.2541046142578125,-0.25310815780511553,-0.19842456858688462
1.81,1.206045150756836,1.199515769100178,1.1983295498122613
0.46,0.3089733123779297,0.308086217784896,0.31295001755926405
0.08,0.9949245452880859,0.9938347772581011,0.9792644822089568
0.44,0.4001932144165039,0.40158633954143097,0.4036925072084714
0.01,0.10062503814697266,0.10037133986686686,0.10120056204424055
0.06,0.14316082000732422,0.14536924238844362,0.17946069745063753
0.09,0.09938907623291016,0.10224340754112404,0.10583016839205533
4.16,1.4953279495239258,1.499637648651699,1.5036614798452537
0.08,0.26503562927246094,0.2634895039434233,0.2669828874944903
0.24,1.4058666229248047,1.4069296388456256,1.413068173512528
0.01,0.2739744186401367,0.2719587149565299,0.2716225848028848
0.2,0.6382675170898438,0.6383014122303241,0.6362092273978988
0.08,0.21015548706054688,0.21200811317898327,0.21866875932446683
0.01,0.22141361236572266,0.2215292651592955,0.21885298902049588
0.19,1.9370155334472656,1.9449826667898502,1.9280106692616852
0.03,-0.07254981994628906,-0.07022774866162829,-0.06722782349207879
0.14,0.7072820663452148,0.7058815939781664,0.6914039442124844
1.51,0.9893369674682617,0.9879176339810658,0.9765479289086818
0.45,0.3372917175292969,0.3352531310784237,0.3436099313327207
0.42,0.4251708984375,0.42333625169320266,0.42963135953951986
0.08,0.10137557983398438,0.10334330589424989,0.11185538496576236
0.15,0.6211967468261719,0.6198248047014692,0.6156626703488136
0.21,0.8028087615966797,0.8021976990087025,0.8047071159803352
0.25,0.4915657043457031,0.49074669982816577,0.495484354927596
0.01,0.10398292541503906,0.0990676172807261,0.1090451163644302
0.09,0.4160137176513672,0.4165431562647266,0.41088355669827803
0.95,0.10513687133789062,0.1033176487856231,0.11469694071863934
0.03,0.10137557983398438,0.10334330589424989,0.11185538496576236
0.29,0.26627159118652344,0.2623815852995628,0.2651198506088124
0.09,0.5389442443847656,0.5392584223838814,0.5658616414272902
1.02,1.3174409866333008,1.3205739145448538,1.3181476593149464
0.54,0.5924434661865234,0.5898598002138826,0.5925817024776318
0.1,0.9699573516845703,0.9693409102924975,0.975746317156682
0.25,0.5795011520385742,0.5813574295212605,0.5751349326071896
2.87,0.4524564743041992,0.45071538808452605,0.44819174989486354
0.24,0.4751548767089844,0.47542017634550304,0.4728724982435303
0.07,-0.2027273178100586,-0.2025728966663849,-0.20900406754694434
0.24,-0.005414009094238281,-0.004599454309583528,0.006644099747714516
0.73,0.4759645462036133,0.4796046454032832,0.4776509677996811
0.01,-0.008283615112304688,-0.006966685170570308,-0.003795035945689529
0.07,0.1307048797607422,0.130024833829405,0.12873364261681203
0.02,0.15744781494140625,0.16071131093126056,0.15977273538420272
0.44,0.8222084045410156,0.8237745317441116,0.8212822496334411
3.2,0.8010377883911133,0.7998214745939531,0.7910755032190953
0.08,0.14654254913330078,0.1484154130444415,0.15065032535731582
0.15,0.5194320678710938,0.5140440746595545,0.5110715459124457
0.07,0.3162240982055664,0.3080144182049642,0.32097422604707476
0.53,1.9860038757324219,1.992762654370512,1.9770487341606322
0.41,0.502446174621582,0.5045213840869747,0.5076255408149013
0.05,-0.18074893951416016,-0.18054255961545573,-0.18195437196678366
0.16,0.7338466644287109,0.7350927124164355,0.71705595233973
0.01,0.10985851287841797,0.1078273578779827,0.11251760973126917
0.58,0.3056974411010742,0.30688204161544097,0.3141849582084765
0.53,0.5072612762451172,0.5077056963322453,0.5048639348957864
0.41,0.1612682342529297,0.158034569286563,0.16276975143709782
0.54,0.35579776763916016,0.352729964803844,0.36047614964298297
0.02,0.10985851287841797,0.1078273578779827,0.11251760973126917
0.12,0.0896768569946289,0.09014946266033652,0.09325455583220188
1.35,0.5567226409912109,0.5581491677981625,0.552682733344241
0.09,0.0922555923461914,0.09460252615684484,0.10664931896271146
0.2,0.3083038330078125,0.3103123046143603,0.3116081221310659
0.37,0.5329656600952148,0.5269659878215522,0.5292098772585409
0.46,0.5565128326416016,0.555525847574126,0.5578619770176402
0.2,0.8798379898071289,0.8802632230864142,0.878623653970577
0.6,0.20565128326416016,0.20659819045447847,0.2055709903082913
0.06,0.5580472946166992,0.5551651747927293,0.557223263733462
1.22,0.6553659439086914,0.6564041479744138,0.6593528876295524
0.06,0.5513296127319336,0.5504217077028655,0.5487500998995342
0.21,1.139120101928711,1.1390501810999782,1.1353473021088056
0.05,-0.049180030822753906,-0.04914871627788475,-0.051252451107650754
0.03,0.33615684509277344,0.33580910726257573,0.33591936234555203
0.43,0.5453948974609375,0.5498097679397107,0.5588086438691737
0.04,0.49500083923339844,0.4956390273268678,0.4953322937481302
0.16,0.45148277282714844,0.44882753336979686,0.4500044078374986
0.14,0.34958744049072266,0.34909175150463834,0.35120826510540537
0.2,0.09278488159179688,0.09346932739615998,0.09332200040539662
0.13,0.5586023330688477,0.5595539169006769,0.5491315376429133
0.97,0.45872020721435547,0.45955442597679985,0.45136647562190396
0.95,0.40247249603271484,0.402728444557245,0.40843005895432216
0.16,0.03001880645751953,0.02920949164594977,0.029535838063068587
0.02,0.2739744186401367,0.2719587149565299,0.2716225848028848
0.01,0.08762645721435547,0.08902317615595856,0.10415901788554582
0.02,0.26390647888183594,0.2611894050453125,0.2632296499319209
0.02,-0.4378662109375,-0.43534566260690766,-0.43085453670168017
0.02,0.05568218231201172,0.053851269057464624,0.05528521769060368
0.21,1.8750362396240234,1.8852646109149411,1.8749556321990992
0.36,0.05568218231201172,0.053851269057464624,0.05528521769060368
0.22,0.5397548675537109,0.5416820004479688,0.5429769517146209
0.25,0.7595863342285156,0.7584552112031184,0.754799425722881
3.7,3.2329978942871094,3.286742194007121,3.086458122677848
0.05,1.9370155334472656,1.9449826667898502,1.9280106692616852
0.36,0.33252716064453125,0.33048837271784715,0.33996177306205416
2.68,0.10398292541503906,0.0990676172807261,0.1090451163644302
0.36,0.4529275894165039,0.4470538466152374,0.45974346185812204
0.27,0.6538219451904297,0.6544995865202088,0.6459052321028156
0.22,0.38892459869384766,0.3892991755204418,0.38808388360914875
1.99,0.9915695190429688,0.990781976477267,0.9835139422611359
0.12,0.03665924072265625,0.03955338563883193,0.04212030840794734
0.03,0.5618629455566406,0.5630348525920967,0.5751158345550869
0.48,0.567596435546875,0.5683895999251913,0.5629885705536669
0.38,1.4725980758666992,1.479394325572253,1.516649549909902
0.11,0.5919332504272461,0.5909295646871233,0.6009746391580638
1.19,0.9712629318237305,0.9672740205843211,0.9610906085357163
0.28,0.21166229248046875,0.2115257398711088,0.20885818490956182
0.01,0.09131145477294922,0.08882790518689365,0.09258108174112134
0.01,-0.2443828582763672,-0.24401764524156033,-0.22938912305209824
0.05,0.5345954895019531,0.5354923345519731,0.5418034753829928
1.66,2.866694450378418,2.8628192834844626,2.866113984615026
0.43,0.5940866470336914,0.5948413713567753,0.594332578253374
0.08,0.24454593658447266,0.24423226323739478,0.2431561907047139
0.03,0.5002727508544922,0.4999404643411227,0.4950243374171676
0.47,-0.018274307250976562,-0.015428157637598305,-0.00852828843972675
0.05,0.3948631286621094,0.39509394829486255,0.40107045629917093
0.08,-0.15871524810791016,-0.15943307886150038,-0.1634157267218409
0.25,0.33913612365722656,0.33748048493890015,0.33978507506376554
0.07,0.4564695358276367,0.4565138430094233,0.4581795806057502
0.2,0.2973470687866211,0.2980888400039341,0.2959771987514135
0.03,0.08816814422607422,0.08968054113202051,0.10571720415857161
0.26,0.13079261779785156,0.13077124717176836,0.1442641938200186
0.12,0.19697284698486328,0.19979980137732967,0.19659441989812632
5.29,1.6844091415405273,1.682707366870554,1.6786397490782115
0.87,0.4177417755126953,0.41454401265711205,0.41974058972745765
0.04,0.16335487365722656,0.16306136176915897,0.1649104220283485
0.18,0.10137557983398438,0.10334330589424989,0.11185538496576236
0.46,0.7766141891479492,0.7779994678066551,0.7734182193532773
0.61,0.5696392059326172,0.5679632411112909,0.5725218683053661
0.41,0.2472238540649414,0.24359772673657853,0.24946748892821946
1.18,0.938929557800293,0.9381105701881418,0.9436961618978765
0.16,0.5812015533447266,0.5821371648701086,0.5699210772058758
0.43,0.5190868377685547,0.5198010656267933,0.5239200205964878
0.02,0.16405487060546875,0.16311866795366892,0.1912096891508418
0.07,-0.09371662139892578,-0.09641928105432895,-0.08669926054236665
0.02,-0.08614826202392578,-0.08852191907165707,-0.08537950605611877
0.13,0.44532108306884766,0.44720383960169685,0.4552674582240351
0.09,0.4138307571411133,0.41563975150624133,0.4202627694335903
0.24,0.010580062866210938,0.013303187454918541,0.008666947361007482
1.32,0.15004825592041016,0.15188403151391228,0.16417217449445332
0.07,0.17008209228515625,0.17631675915160905,0.1913610715621214
0.33,1.2392473220825195,1.2417369164016443,1.2418176974723574
0.18,-0.0018329620361328125,-0.00021138871607750964,0.004110487084927006
0.05,-0.1553058624267578,-0.1527515169905469,-0.1517397550386631
0.2,0.6131210327148438,0.6130845765428377,0.6120427691835422
0.01,0.2279825210571289,0.22864871715541502,0.23356600411065387
0.13,0.789891242980957,0.792625048676846,0.7908426982539555
0.09,0.03464031219482422,0.03263600622077156,0.03227292092013667
0.21,0.024473190307617188,0.02222852418959209,0.020997559750516537
0.19,-0.4158926010131836,-0.41534702237681165,-0.3567786859983375
0.06,0.38842201232910156,0.38781001197371556,0.40412775724702565
0.61,1.9370155334472656,1.9449826667898502,1.9280106692616852
0.9,0.6211967468261719,0.6198248047014692,0.6156626703488136
2.48,0.7549953460693359,0.7538821442171333,0.7469033797190162
0.06,0.062050819396972656,0.06147155765547607,0.05928884175466387
0.46,1.08245849609375,1.0826555775217148,1.0793886030931552
0.01,-0.5196781158447266,-0.5194940402886057,-0.5115166885450545
0.17,0.3666696548461914,0.3681308410208508,0.37120560040328343
0.23,0.5359430313110352,0.5344951703966012,0.5310803571243713
0.01,-0.2154703140258789,-0.21453742316964197,-0.20500494990405915
0.2,0.4810924530029297,0.48161225423707843,0.4850554525046006
0.6,0.5254888534545898,0.5192552497149365,0.518175917676149
0.13,0.2611227035522461,0.2594465620859847,0.29087392240070675
0.02,0.34958744049072266,0.34909175150463834,0.35120826510540537
0.05,0.19466304779052734,0.1949748942689553,0.22646707409703715
0.56,0.5453319549560547,0.5451106620413255,0.5422964037812759
1.65,2.515801429748535,2.515969122490021,2.5219116390719445
0.11,0.39311981201171875,0.39347997559246917,0.3975324184408698
0.04,0.45684242248535156,0.4548120041697714,0.454125493361757
0.03,-0.22466087341308594,-0.22639186308809367,-0.21680974696143152
0.06,0.26390647888183594,0.2611894050453125,0.2632296499319209
0.09,0.10137557983398438,0.10334330589424989,0.11185538496576236
0.13,0.4537811279296875,0.4549141732159818,0.45220128910576746
0.42,1.155935287475586,1.1567517218774626,1.1452929755994714
0.08,0.48947620391845703,0.48742721879659534,0.48640311151272114
0.7,0.95440673828125,0.9561672713046447,0.9570376530291863
0.01,0.2019824981689453,0.20176820799121686,0.2036444745792645
0.08,0.43073081970214844,0.4267703221557544,0.42874520967493085
0.09,0.8841962814331055,0.8879611857717817,0.8843685454914554
0.06,0.25994110107421875,0.25908107569068295,0.2558221365998828
1.17,2.062161445617676,1.9076220664577095,1.913564871604918
0.71,0.4971628189086914,0.49566553965506666,0.4702342830900203
0.08,0.20891284942626953,0.21503600963299818,0.21546070123810124
0.06,-0.05267810821533203,-0.057922463011629954,-0.04961815287226157
1.02,2.370922088623047,2.3773937950197825,2.3632125678281732
0.08,1.967667579650879,1.9740279930053999,1.9593413319730741
0.08,0.7014369964599609,0.7020841348574884,0.6900494108755483
0.14,0.0922250747680664,0.09592307577577275,0.10932156189729714
0.99,0.22911643981933594,0.22225916564057102,0.2344976018105634
0.54,1.2533302307128906,1.2535145962012417,1.2423706770802263
0.14,1.9321422576904297,1.942206894957688,1.9328522410035052
0.36,0.3178243637084961,0.3173840075268537,0.31731473861318865
1.17,3.9002819061279297,3.9016839995583235,3.893500514013992
0.01,0.22141361236572266,0.2215292651592955,0.21885298902049588
0.1,0.42743968963623047,0.42762309489549577,0.4381595036647598
0.19,0.7166938781738281,0.7167663608822039,0.7116349389170006
0.03,0.1340951919555664,0.13097079592689398,0.13696191522809759
0.08,0.03464031219482422,0.03263600622077156,0.03227292092013667
0.13,0.15384197235107422,0.15558340426791362,0.1714653544450362
2.19,0.8778409957885742,0.87804555708264,0.8833141214573546
0.23,0.7057399749755859,0.7068882045645566,0.7016621802384728
0.25,-0.24305152893066406,-0.2455009035911706,-0.2448768946931389
0.03,0.26390647888183594,0.2611894050453125,0.2632296499319209
0.01,0.10062503814697266,0.10037133986686686,0.10120056204424055
0.71,0.6610889434814453,0.6572070948217312,0.64246092801099
0.16,0.38164710998535156,0.3811688076682238,0.3812477891406297
0.29,0.5959653854370117,0.5950106175841599,0.6034843725752129
0.75,2.387228012084961,2.3934449509753195,2.3924506690395866
0.03,-0.11774158477783203,-0.11813221756395431,-0.10794268370828941
0.27,1.8523979187011719,1.8597424376307274,1.8431729244125532
0.27,0.24315643310546875,0.2484017632096105,0.2646169523437761
0.12,0.20042991638183594,0.20176291626400533,0.20900267719760962
0.18,0.5566043853759766,0.553915464156409,0.5512831554887248
0.28,0.6358060836791992,0.6338943119928528,0.6235889631552511
0.5,0.6867256164550781,0.6806683674668257,0.6799417923630272
0.11,0.592198371887207,0.5952895375150846,0.594917412532428
1.46,0.8010377883911133,0.7998214745939531,0.7910755032190953
0.08,0.5034904479980469,0.5024932854705979,0.5013222520508221
1.03,0.8549861907958984,0.8562687560205338,0.8512044547147494
0.09,0.26901817321777344,0.2703509247941136,0.2578626995281609
0.06,0.17848968505859375,0.18192657376795363,0.18278503215466968
1.17,2.2007198333740234,2.2094731860444194,2.2045915400402682
0.03,0.3491697311401367,0.3456019114580775,0.3445002890240121
1.72,1.2520513534545898,1.250770053297837,1.2494245535949315
0.17,1.6528072357177734,1.6631722893539211,1.652210910282963
0.42,0.4805479049682617,0.47927920892155496,0.4842915934049651
0.94,1.5014705657958984,1.5001009376091083,1.4987795082658417
0.1,0.16129398345947266,0.16263228134024055,0.16423795254876195
0.09,-0.34541988372802734,-0.34359711644557955,-0.3398365683566674
0.07,0.04789447784423828,0.04549194440681692,0.05101583092170492
0.06,0.07873725891113281,0.0778211326100362,0.08007267717921629
0.03,-0.47380733489990234,-0.4726554277090824,-0.47266140933884226
2.85,2.5501155853271484,2.5563612127934583,2.5180602873324363
0.04,0.48219871520996094,0.4792968509443776,0.47956701704420207
0.16,-0.1732025146484375,-0.17061345945277528,-0.1671969992197666
0.88,0.8452291488647461,0.8453813882375605,0.8627325137781279
0.22,-0.01263427734375,-0.006627596074110675,0.01011550026605168
4.29,0.9136562347412109,0.9130291559173973,0.9103623681997424
0.19,0.2702474594116211,0.26555953789488007,0.2727996791882715
0.06,0.9219770431518555,0.9218025320739343,0.920496494406458
0.01,0.3932781219482422,0.394380325578062,0.40076302217997395
0.02,0.2739744186401367,0.2719587149565299,0.2716225848028848
0.07,0.3523902893066406,0.3503364231249455,0.3585279850653339
0.17,0.45923614501953125,0.45661586785609676,0.4580851999908017
0.17,0.5890474319458008,0.5868344769745153,0.584352934694625
0.12,0.4774608612060547,0.4746058205259409,0.4640122452877558
0.04,0.3065929412841797,0.30730278379853426,0.30791413966799
0.1,0.04522991180419922,0.04515537839182082,0.05441179832483434
0.28,0.18407821655273438,0.18613816579205644,0.1920161146922288
0.41,0.4280509948730469,0.4242274114544391,0.4512723782019638
1.41,0.8534879684448242,0.8540145424063574,0.8486353249526636
1.71,1.083378791809082,1.0843756910774587,1.080057769587364
0.07,0.20527076721191406,0.205518844617548,0.20859207859998574
0.14,0.3903999328613281,0.38631663340888567,0.3972039097156061
0.96,-0.47048377990722656,-0.4715309171088915,-0.4594815139447298
0.21,-0.02586841583251953,-0.026218833120587703,-0.01439907541667329
0.02,0.287261962890625,0.2913634974590904,0.29834122871991586
0.26,2.2025184631347656,2.2080399323104443,2.1962386376046137
0.86,0.19750595092773438,0.19634777008716298,0.1898719532384313
0.15,0.07051277160644531,0.06846816122069899,0.07328376318057306
0.26,0.5315008163452148,0.5314624708084252,0.5165292911770674
0.43,0.2752847671508789,0.2756885830198277,0.28126288546491546
0.1,0.27716064453125,0.2740453432313579,0.2819725599334892
0.07,0.09188270568847656,0.09046171059957775,0.09595403071707109
0.24,0.2644519805908203,0.2628647271629101,0.2659115962700953
0.5,0.7903146743774414,0.7883207690229483,0.7655920008817123
0.01,0.03464031219482422,0.03263600622077156,0.03227292092013667
0.06,-0.3397331237792969,-0.3391989639746502,-0.3447968807715732
0.2,0.13982677459716797,0.14087962714213775,0.169650563819445
0.29,0.7116374969482422,0.711104344933795,0.7030387801842972
0.97,0.8531436920166016,0.854682425576839,0.8413023784305756
0.04,0.03665924072265625,0.03955338563883193,0.04212030840794734
0.06,0.5359430313110352,0.5344951703966012,0.5310803571243713
0.14,0.1340951919555664,0.13097079592689398,0.13696191522809759
0.11,0.10137557983398438,0.10334330589424989,0.11185538496576236
0.62,-0.035475730895996094,-0.03467401140487736,-0.03613839551786435
0.02,0.5460014343261719,0.5461816081999216,0.5427849661276862
1.75,0.4053525924682617,0.40563601242000735,0.41141388918383776
3.48,2.3094921112060547,2.3089706504053114,2.309425171745329
0.13,0.1079721450805664,0.10859325037531131,0.11965457612325126
0.69,1.0350656509399414,1.0341587778398647,1.0243085576192004
1.86,0.7233867645263672,0.7246162671037601,0.718495008387245
0.14,0.1483774185180664,0.15002339512178575,0.1548682332910023
0.35,0.4501934051513672,0.44994357912329686,0.4455194071334122
0.97,0.6610889434814453,0.6572070948217312,0.64246092801099
0.14,0.2680492401123047,0.2651573636255997,0.27664975874191194
0.31,0.7643289566040039,0.7626449383762073,0.7599758521867344
0.31,0.7747802734375,0.7742562049419455,0.7713990422283741
0.05,-0.036640167236328125,-0.03799232752795456,-0.024208155795724662
0.14,0.24309158325195312,0.24330704303912465,0.24776281953677726
0.66,0.5448598861694336,0.542332797279871,0.5366743205312219
2.77,1.2738275527954102,1.2729861254298436,1.2770583573476904
0.72,0.6224956512451172,0.6223934577989483,0.6172768577356591
0.01,0.3065929412841797,0.30730278379853426,0.30791413966799
1.68,1.2962961196899414,1.2961761704755967,1.2932218819036394
0.63,0.4363069534301758,0.4391225101130878,0.43594408378087446
0.22,0.1785745620727539,0.17552582707548714,0.1839358152072449
0.12,-0.2333965301513672,-0.23340270757567239,-0.23331153335748678
0.12,0.4825906753540039,0.4835738509968486,0.4830117649533383
0.39,0.31468677520751953,0.31574228132786986,0.3190980075584722
0.12,0.544489860534668,0.5419455021609647,0.542667513215244
0.12,0.4543132781982422,0.45477733463550996,0.45160877944381356
0.06,-0.05256366729736328,-0.05224557461870338,-0.036183808301002984
4.05,2.0810108184814453,2.0815570726806447,2.0514540436401507
0.67,0.2827014923095703,0.28271124808929815,0.2728802267426781
0.03,-0.08614826202392578,-0.08852191907165707,-0.08537950605611877
3.0,1.284719467163086,1.2853655833028896,1.280303387145549
0.05,0.006546974182128906,0.007650206992664055,0.014203509544279957
0.23,-0.28240108489990234,-0.2826098881607302,-0.2821324811052285
0.1,0.39513397216796875,0.3961436836895771,0.4083595394389405
0.51,0.7047176361083984,0.7051740152113681,0.6994818725804134
0.19,-0.008283615112304688,-0.006966685170570308,-0.003795035945689529
0.17,0.09854412078857422,0.10105873146398303,0.10107407137162372
0.09,0.16335487365722656,0.16306136176915897,0.1649104220283485
0.15,0.9171123504638672,0.9168470502755168,0.90929189865744
0.36,-0.02586841583251953,-0.026218833120587703,-0.01439907541667329
0.07,0.20159053802490234,0.20190170191664358,0.23277571702954247
0.47,0.23036575317382812,0.22455048627645602,0.24029360006612038
0.06,0.6211967468261719,0.6198248047014692,0.6156626703488136
0.23,1.0108928680419922,1.0111795847186933,1.0039257442354215
0.13,-0.26465415954589844,-0.2662028778610128,-0.26113763466133355
0.3,0.5696315765380859,0.5701331452697891,0.5672925930436697
0.95,1.005380630493164,1.0066532477279617,0.9950861413877886
0.05,0.10137557983398438,0.10334330589424989,0.11185538496576236
0.97,2.188121795654297,2.194228767157467,2.182917441184825
0.05,-0.32936763763427734,-0.32897021161479656,-0.33263937507221086
0.04,0.9337215423583984,0.9341911313643989,0.9336129862874911
0.02,0.7200040817260742,0.7207390202240653,0.7221937410618751
0.03,-0.550267219543457,-0.5505834900534263,-0.5382225700894981
0.25,0.1785745620727539,0.17552582707548714,0.1839358152072449
0.12,0.076507568359375,0.0754109059464858,0.08246748750429611
0.58,0.16788578033447266,0.1686393156816608,0.16471475852992323
0.53,0.7415962219238281,0.7413107179176701,0.7230021390644761
0.04,0.27517032623291016,0.2766625307108652,0.28070482142747244
0.21,0.05879020690917969,0.05748664787729241,0.04902727946412744
0.01,0.10985851287841797,0.1078273578779827,0.11251760973126917
0.62,0.4203300476074219,0.4177263893332932,0.411093199286613
1.88,1.345968246459961,1.3475336933443463,1.3425820573013207
0.01,-0.2926197052001953,-0.2902470540834625,-0.2838520713523287
0.02,0.07012939453125,0.07015284169885905,0.07788166159180443
0.35,0.5983505249023438,0.6032673666520134,0.6080622368491246
0.06,0.24245548248291016,0.24274452799598856,0.24186528579096278
0.02,-0.05522632598876953,-0.05552387932900005,-0.052618905622873524
0.7,1.343984603881836,1.3444872995622132,1.3457515737641117
0.04,0.07012939453125,0.07015284169885905,0.07788166159180443
0.38,0.6211967468261719,0.6198248047014692,0.6156626703488136
0.8,0.4008951187133789,0.3987264905810972,0.4000853895738062
0.11,0.5364513397216797,0.5366836701676383,0.5266187613549214
0.99,0.6661834716796875,0.6666880282529459,0.662091777353522
0.02,0.3958883285522461,0.3947875513424144,0.38759207851707944
0.01,0.03464031219482422,0.03263600622077156,0.03227292092013667
0.37,0.5643377304077148,0.5642926270134849,0.5629199721531151
0.06,0.7021265029907227,0.7022104226287782,0.7010886110267774
0.07,0.07870006561279297,0.07575483445184794,0.09017315150869132
0.3,0.5198287963867188,0.5206520040363201,0.5144661812166104
0.09,0.10137557983398438,0.10334330589424989,0.11185538496576236
3.24,1.190786361694336,1.1910922534334603,1.1893786037090566
0.07,0.5443964004516602,0.5439128197379559,0.5419299299252052
0.09,1.4217338562011719,1.4273922368719145,1.4654018148712924
0.29,0.5418682098388672,0.54255559891247,0.5248810342708077
1.29,0.677882194519043,0.6768731218130202,0.6678408664786786
0.03,-0.39035606384277344,-0.38975866513875634,-0.37546288997316946
0.06,0.2229785919189453,0.2161337058961177,0.2205132809866941
0.1,0.6029539108276367,0.6005051459931632,0.6117941708060829
0.41,0.33284473419189453,0.33076956103905286,0.3323424922554207
0.11,0.2479715347290039,0.24934803448674736,0.24864825048714367
0.28,0.5240411758422852,0.5253265625441044,0.5280482166722988
0.01,0.1158285140991211,0.1160463242222507,0.12264122989542386
0.49,0.4728412628173828,0.470363432801014,0.46501770664301056
0.12,0.13079261779785156,0.13077124717176836,0.1442641938200186
0.08,0.6587400436401367,0.654995502035586,0.6539273255619829
1.17,0.9738187789916992,0.9765175419923078,0.9719533965741941
0.15,0.38709163665771484,0.38679864961704724,0.3825769604643059
0.05,0.38125133514404297,0.38142662767107294,0.3823726667860464
0.05,0.5944967269897461,0.5927930322645334,0.5969486509834704
1.54,0.5794992446899414,0.5805939528681734,0.5887698900555993
0.01,0.5809545516967773,0.5800347818993072,0.5792850489511424
0.58,0.5286579132080078,0.5256014452908075,0.5266373297373828
1.7,0.5501213073730469,0.5497090513661604,0.5403678260494569
8.05,2.221245765686035,2.2193700110307546,2.218995980855124
1.53,0.8811626434326172,0.8807572438739051,0.8741945706737836
0.04,0.03464031219482422,0.03263600622077156,0.03227292092013667
0.01,0.18706035614013672,0.18752856652094252,0.19507652207155657
0.11,-0.5917501449584961,-0.5922471773021052,-0.5894569093983356
0.03,-0.07593345642089844,-0.07625617398616136,-0.07688607076468168
0.37,0.6944179534912109,0.6954977165381511,0.6897668330077074
0.11,0.4101581573486328,0.40272844079102565,0.40594647046989646
0.15,0.6327877044677734,0.634012235196397,0.6245177371545737
0.11,0.42495155334472656,0.4247566009976351,0.43747862691819656
0.01,0.46816539764404297,0.46641921167853084,0.46376656884120004
0.19,0.5241985321044922,0.5249115497495724,0.5160294272158988
0.5,0.9016599655151367,0.9024970695820507,0.8971665152324485
0.12,0.5034904479980469,0.5024932854705979,0.5013222520508221
0.07,-0.029325485229492188,-0.02818194800726337,-0.02680733271615654
0.07,-0.13715076446533203,-0.13685432130673414,-0.12054839967772468
0.25,1.967667579650879,1.9740279930053999,1.9593413319730741
1.34,1.133122444152832,1.1375290621806076,1.1414800796543432
5.29,2.149709701538086,2.1500015201331406,2.146768702698122
0.06,-0.10659980773925781,-0.1056290265662847,-0.1062667537678893
0.1,-0.0788106918334961,-0.08150252969716965,-0.0741698230912956
0.48,1.0290508270263672,1.0296772794260836,1.0300453083065388
0.03,0.07051277160644531,0.06846816122069899,0.07328376318057306
1.67,0.8244762420654297,0.8231751024267646,0.8285186786734303
0.09,-0.12468242645263672,-0.1250296672390574,-0.1064230297774239
1.75,0.9043941497802734,0.9028615710945329,0.9092189891803664
0.56,1.0736122131347656,1.0759527293660884,1.0529038520591545
0.18,1.014883041381836,1.015487273886401,1.0148632627096452
0.05,0.10233402252197266,0.10207297716531594,0.10737722075871081
0.39,0.24315643310546875,0.2484017632096105,0.2646169523437761
3.53,0.9856452941894531,0.9850745071776008,0.9786245623145148
0.04,0.11693859100341797,0.11609425279592167,0.11790598723640455
0.33,0.050354957580566406,0.05057131919333302,0.06294120168018769
0.9,1.8160552978515625,1.8182813524555617,1.8246514381823293
0.03,0.29705142974853516,0.2986197037160776,0.2999054094700365
0.19,-0.3825492858886719,-0.380408045460759,-0.37305148942614574
0.07,0.29338932037353516,0.2899384708450341,0.29717395725694634
0.15,0.4363069534301758,0.4391225101130878,0.43594408378087446
0.19,0.2937297821044922,0.2936255560925063,0.2976422449455983
0.19,0.8556728363037109,0.8559898014756158,0.8537412662277702
0.19,0.6121006011962891,0.6094271072410693,0.5934228631120431
0.05,0.1477041244506836,0.1481910572557208,0.1599008970395131
0.11,0.502100944519043,0.502453998643279,0.4929662134432615
0.06,0.2849407196044922,0.2837087342021165,0.28065893196632774
0.73,-0.2202920913696289,-0.2217375314678065,-0.17082594082275437
0.03,0.1555461883544922,0.14941567297621816,0.15832627936905563
0.2,0.404571533203125,0.40448057344359634,0.40680679482069426
0.76,1.1646080017089844,1.1643415425860884,1.152248146585035
0.61,2.490398406982422,2.4972215649110905,2.4834557113073883
0.03,0.5034904479980469,0.5024932854705979,0.5013222520508221
0.21,0.4168367385864258,0.41680245998938514,0.42447907647866734
0.83,1.0657243728637695,1.0665635533546918,1.0647848436496372
11.18,3.2099428176879883,3.2627723304545495,3.061670663189235
0.31,0.3604860305786133,0.3639171784684432,0.36092594419911206
0.54,0.2357177734375,0.23181925991631647,0.24838080833394577
0.03,-0.47591209411621094,-0.47805289615545976,-0.4687686113831412
0.57,0.2812519073486328,0.28008908280874745,0.2784586792714039
0.44,-0.1433706283569336,-0.14167078008608547,-0.13919146599638232
0.01,-0.14343547821044922,-0.14445515104659323,-0.1219933431228718
0.17,0.30461692810058594,0.30530023065296974,0.30184026597182356
1.92,1.0461969375610352,1.0445679253464877,1.04202258369852
0.47,0.991124153137207,0.9921168154002695,0.9901554249892521
0.08,0.6121006011962891,0.6094271072410693,0.5934228631120431
0.05,0.5094499588012695,0.5135827976747955,0.514204416295603
0.37,1.4593372344970703,1.5048208889864296,1.3233578754445112
3.17,0.7648296356201172,0.7619647341017826,0.7634407855100085
0.14,0.4798297882080078,0.47310099801708283,0.47796088813482146
0.06,0.05231475830078125,0.050799170007255645,0.10037971616327412
0.17,0.14712238311767578,0.14917071209247612,0.15109901542568105
0.19,0.46729373931884766,0.4664232707355096,0.4655486834033968
3.18,1.394413948059082,1.3936021278525974,1.3938752993111079
0.26,0.3103055953979492,0.31147564190212296,0.31864831947160477
0.02,0.14231300354003906,0.1418460989324659,0.14189812525788154
0.19,-0.3397970199584961,-0.3420528168142307,-0.3348296001416099
0.01,0.25783824920654297,0.2589859783075308,0.2767450205517279
0.09,0.5231695175170898,0.5225734227594225,0.5188365245836223
0.03,0.09131145477294922,0.08882790518689365,0.09258108174112134
1.29,6.138772964477539,6.138068865980816,6.132180904080112
0.02,0.34496212005615234,0.34267853546962956,0.33977670563152895
0.02,0.05769538879394531,0.05660586977334314,0.05706038040874939
0.06,0.15744781494140625,0.16071131093126056,0.15977273538420272
0.11,0.3325986862182617,0.3321715639628533,0.34612353091496323
0.48,0.4795570373535156,0.47998888499318926,0.47708766154606824
0.92,0.9190444946289062,0.9208999031259371,0.9206262328403113
0.1,1.7809257507324219,1.7871427864611462,1.7742165331012756
1.29,0.8141078948974609,0.8139142193958593,0.8108707839493917
0.29,0.570648193359375,0.565795985631971,0.5711876312668978
0.23,0.19697284698486328,0.19979980137732967,0.19659441989812632
0.02,0.2585477828979492,0.26023111462851567,0.2679451642147132
0.12,0.43907833099365234,0.43897446557832165,0.447852900960304
1.02,0.8335628509521484,0.8334517687448444,0.8298236485842874
0.9,0.5435848236083984,0.538990150835843,0.5517774864208097
0.37,0.6528501510620117,0.6537192342300593,0.6475708837781092
0.49,0.8585329055786133,0.8582203399002633,0.8579502334317988
0.31,0.6173639297485352,0.6147051631684366,0.5917063361755077
0.28,0.3662290573120117,0.36574198958833115,0.3730631721433541
0.45,0.8821220397949219,0.8759890352846402,0.8809456565215505
0.15,0.3109750747680664,0.31272377549854746,0.32162859030903196
0.09,0.5230865478515625,0.5222160570354215,0.5164311302835072
0.07,0.4754371643066406,0.47465427959067075,0.4739575600370145
0.02,-0.4574756622314453,-0.45926037613255066,-0.4474768025970167
0.03,0.2479724884033203,0.2458179854792497,0.2512443509778131
0.93,0.7051019668579102,0.705676099323739,0.7044324566075582
1.86,1.094090461730957,1.0965238931806487,1.0941265330720924
0.12,0.20042991638183594,0.20176291626400533,0.20900267719760962
0.06,0.18423748016357422,0.1830008150124527,0.19165180448125363
0.16,0.31149864196777344,0.31167257450246555,0.3056578829422908
0.03,0.02744579315185547,0.024965216775638233,0.027728705411897647
0.07,-0.3704233169555664,-0.3711371174232203,-0.3390176143511787
0.24,0.4057645797729492,0.4070292441237018,0.4015628455296712
0.16,0.8811626434326172,0.8807572438739051,0.8741945706737836
0.03,0.495452880859375,0.49215278913042293,0.4983099270457704
0.44,-0.18252182006835938,-0.18259119479392472,-0.174819005931384
0.08,0.13028526306152344,0.1307955989007865,0.26547069504480014
0.08,-0.22168350219726562,-0.22426735493390826,-0.2182553887582942
0.41,1.1397743225097656,1.1411346917680425,1.1447469968931663
0.12,0.5526161193847656,0.5527617428562037,0.5491516254155171
0.89,0.08798980712890625,0.08589627455561533,0.08872417216222961
0.28,-0.0028133392333984375,-0.0022489695680161237,0.010388384071939538
0.08,0.4962167739868164,0.49765531742861735,0.5032619658907979
1.27,0.6459207534790039,0.6448246480616258,0.6422325605280599
0.13,0.5801429748535156,0.5768021705258779,0.5803854112611341
0.1,1.3175668716430664,1.3180767108905578,1.3275175361392808
0.51,0.4805479049682617,0.47927920892155496,0.4842915934049651
0.57,0.2330636978149414,0.23511062428106633,0.23732979065520432
1.21,0.2527761459350586,0.2518662096572466,0.2508516223780183
0.04,0.3196554183959961,0.31868242797480817,0.3224298680916804
0.6,0.6211519241333008,0.6177761008302296,0.617622694261964
0.36,0.5563220977783203,0.5531843198140669,0.5580972829548492
0.12,0.41045475006103516,0.41187774052902815,0.4215091304056852
0.28,0.06365966796875,0.06978540672624245,0.08784548439369388
3.61,0.8749761581420898,0.873813630673647,0.8740128196772105
0.27,0.1109304428100586,0.10758489257028048,0.15998551980728937
0.17,0.4428739547729492,0.4442092388873691,0.43339854786290466
0.1,0.11832714080810547,0.11766403213151988,0.12351999529975799
0.13,0.24579811096191406,0.24426708429530009,0.24730777724770542
0.15,0.352935791015625,0.3537278962398187,0.35070124345970166
0.13,0.6777753829956055,0.675523378183708,0.6718755372023077
0.42,1.8798046112060547,1.886117809655531,1.882557835336356
0.31,0.8342561721801758,0.8352970962483579,0.8325244310573761
0.06,-0.02586841583251953,-0.026218833120587703,-0.01439907541667329
0.07,-0.02264690399169922,-0.023297225754164597,-0.004340916146616469
0.75,1.9148139953613281,1.9132691011366574,1.9115419462861438
0.91,0.8723659515380859,0.8735108844479544,0.8683143909094373
0.04,-0.1133432388305664,-0.11227965336245926,-0.10478922333049867
0.03,0.011440277099609375,0.011903574407712503,0.02485049182417509
0.02,0.2739744186401367,0.2719587149565299,0.2716225848028848
0.1,0.8648805618286133,0.8607729816523615,0.8582950800903068
0.18,-0.24969959259033203,-0.2520297916106331,-0.24945251253776213
0.48,1.3617839813232422,1.3613916957907488,1.3485287578802705
0.19,0.6650094985961914,0.6676316983101089,0.6747592474681676
0.19,0.6797113418579102,0.6774047092170847,0.6751381073376022
1.1,0.8811626434326172,0.8807572438739051,0.8741945706737836
0.65,0.5334911346435547,0.5358296634710427,0.532082014335434
0.41,0.6891336441040039,0.6890017418746597,0.687098147965607
0.14,0.43968772888183594,0.4356085282150539,0.43810430296733793
0.01,0.20943546295166016,0.2096492644643262,0.21362947612050598
0.12,-0.11701488494873047,-0.11185416167170592,-0.0993302809302471
0.13,0.07094955444335938,0.0694618079593885,0.07580329041031764
0.2,0.29994869232177734,0.29841467853592873,0.3007222073267696
1.41,1.1413202285766602,1.142015631784087,1.1337575967621345
0.1,-0.561253547668457,-0.560061378050096,-0.5482842961092177
0.22,0.25640106201171875,0.25724006007025135,0.2686475678066549
1.86,0.895482063293457,0.8987599863352598,0.899141569716277
0.07,0.8264617919921875,0.88921986736556,0.7353020865608406
0.03,-0.009561538696289062,-0.007229952300031872,-0.007756235859264549
0.16,-0.2866067886352539,-0.2859845075822358,-0.2765993385329172
0.02,0.17892742156982422,0.17779834443864528,0.17885701509065183
0.05,0.04561138153076172,0.046996876749550553,0.05582939632322359
0.13,-0.1590261459350586,-0.15886050098445303,-0.15365042903792192
0.91,-0.3485727310180664,-0.3486630813128728,-0.33489202087360215
0.05,2.464991569519043,2.469426185047303,2.456627307926167
0.1,0.1359996795654297,0.1386359137858919,0.1390150353700086
0.19,0.2960090637207031,0.29617672046534715,0.310631381229213
0.25,0.7031660079956055,0.7039886493256069,0.7026218921791407
0.2,0.4635171890258789,0.4633689238539118,0.44950486462661765
0.03,0.09191417694091797,0.0911382470433384,0.09804404821657542
0.01,0.07771682739257812,0.07806927456628232,0.09429401411693183
0.28,0.8457717895507812,0.8458207731531246,0.8447427003581549
0.01,0.8272838592529297,0.8233999959327898,0.8264973844110104
0.22,0.25994110107421875,0.25908107569068295,0.2558221365998828
0.05,0.041382789611816406,0.04231397115792257,0.04055230550483535
0.39,0.5706777572631836,0.5713393687668904,0.5661845946655899
0.23,0.37706947326660156,0.37532985147746367,0.37762060455966917
0.04,0.10985851287841797,0.1078273578779827,0.11251760973126917
0.1,0.6106014251708984,0.6111456370352548,0.5934841549396817
0.03,-0.07137584686279297,-0.07056394156787493,-0.053306960584606156
0.27,0.6465988159179688,0.6462561598435501,0.6427677998775141
0.85,0.7300090789794922,0.7312445834043864,0.7131823586738574
0.23,0.022211074829101562,0.02077031014312447,0.023503034194982342
0.16,0.1274118423461914,0.12772451925499184,0.1297407858239557
0.03,-0.02264690399169922,-0.023297225754164597,-0.004340916146616469
0.83,1.0878877639770508,1.0870618238982228,1.0623219213830104
0.74,1.1802749633789062,1.1814180798846705,1.1761135017947981
0.49,0.2724275588989258,0.2697374333685314,0.2718586981907192
0.01,0.29705142974853516,0.2986197037160776,0.2999054094700365
0.36,0.7926769256591797,0.7937730472789739,0.7830861873611048
0.03,0.26390647888183594,0.2611894050453125,0.2632296499319209
0.33,0.5699062347412109,0.5694243459938992,0.5706253067778665
0.04,0.8131999969482422,0.8133711696797956,0.8106472241394147
0.15,0.11643409729003906,0.10914549103442672,0.11665347549843069
0.78,0.8920421600341797,0.8938303252297186,0.8871390625002182
0.12,0.6045379638671875,0.6064526379225135,0.6057557682950139
0.01,0.2739744186401367,0.2719587149565299,0.2716225848028848
0.21,0.9454479217529297,0.9462312167414582,0.9399954835143752
0.11,0.6891336441040039,0.6890017418746597,0.687098147965607
0.03,0.10071372985839844,0.09849107755757114,0.1091169900245339
0.1,-0.08614826202392578,-0.08852191907165707,-0.08537950605611877
0.13,0.4795818328857422,0.47701838499299587,0.480276008165948
0.03,0.1340951919555664,0.13097079592689398,0.13696191522809759
5.45,1.8571662902832031,1.8605956363713174,1.8507751275498094
0.04,0.6445140838623047,0.6382530376272042,0.6354649412246455
0.4,0.39655303955078125,0.39638269057769016,0.3960823560604856
1.75,3.4632701873779297,3.3122643672913346,3.2996210114343305
0.02,0.1483774185180664,0.15002339512178575,0.1548682332910023
0.03,0.30448150634765625,0.30272615471306574,0.30846605597175436
0.14,0.39320945739746094,0.39141505592225845,0.39598865847943704
0.07,0.14339065551757812,0.14397213770217543,0.16004216440339647
0.27,0.09131145477294922,0.08882790518689365,0.09258108174112134
0.35,-0.14171314239501953,-0.14385527913045237,-0.1469862600870352
0.14,0.8892726898193359,0.8894382692701335,0.8766841969977024
0.08,0.3676137924194336,0.3682911684023773,0.36544734093762765
0.07,0.404144287109375,0.40176364082676996,0.4071092767880452
1.52,-0.24716472625732422,-0.24553177932023607,-0.23458849739044485
0.3,0.6610889434814453,0.6572070948217312,0.64246092801099
0.06,0.46816539764404297,0.46641921167853084,0.46376656884120004
0.98,0.9837656021118164,0.9855720214966215,0.9916864352535673
0.06,0.5586385726928711,0.5585597302564571,0.5744446524418076
21.81,1.0813522338867188,1.0815344420070674,1.0525867437130445
0.02,0.27716064453125,0.2740453432313579,0.2819725599334892
2.32,0.5008983612060547,0.5014368520657015,0.49945827500088147
0.49,0.5924434661865234,0.5898598002138826,0.5925817024776318
0.65,0.7319173812866211,0.7300725874094145,0.7282982120906281
0.62,0.9399452209472656,0.9412406097686807,0.939956097388933
0.15,0.5664148330688477,0.5689983708913273,0.5747690480430581
0.18,-0.08478260040283203,-0.08724357334046484,-0.08825764073104503
0.1,0.23064613342285156,0.2302214756278549,0.23094604511495398
0.66,0.6138877868652344,0.6114302750590401,0.619584514990773
0.09,-0.29639148712158203,-0.2946666700406204,-0.2773834927404426
0.73,0.8811626434326172,0.8807572438739051,0.8741945706737836
0.38,0.41069793701171875,0.411513059078066,0.4021064603762308
0.06,-0.06583786010742188,-0.06716564443619832,-0.05309261424859979
0.26,1.9446439743041992,1.9520661818470986,1.936009141713022
0.49,0.3676137924194336,0.3682911684023773,0.36544734093762765
0.03,0.20455551147460938,0.20248202469917298,0.2096791001583968
0.06,0.09076499938964844,0.09328109642483162,0.09476812223891196
0.11,-0.1034841537475586,-0.10413083447394267,-0.09702354802012148
0.02,0.2019367218017578,0.19491844305942463,0.19750098421622714
0.46,0.2516326904296875,0.2563868613296614,0.2610453646693982
0.31,0.7903146743774414,0.7883207690229483,0.7655920008817123
0.11,0.378326416015625,0.3815920166690361,0.38305351799712817
0.02,-0.550267219543457,-0.5505834900534263,-0.5382225700894981
2.53,1.2699565887451172,1.2705555104145745,1.271249229332756
0.87,0.5965776443481445,0.5965162514232292,0.5942462911522463
0.07,0.04522991180419922,0.04515537839182082,0.05441179832483434
0.46,0.4925689697265625,0.49512464467071315,0.4988264088498909
1.21,0.5359430313110352,0.5344951703966012,0.5310803571243713
0.05,0.5135269165039062,0.5127964025271681,0.5137672474187359
0.21,0.21982383728027344,0.2208739552971295,0.21294278101622321
0.38,0.19561004638671875,0.19397524105330577,0.21228826682621238
0.15,-0.043900489807128906,-0.0448406941259325,-0.04877383030005611
0.22,0.332000732421875,0.33229077586825095,0.3286888090121637
0.22,0.48493194580078125,0.4856139231383241,0.49564210620710114
0.4,0.39441394805908203,0.3938796159200839,0.39621515444017463
1.69,0.7643289566040039,0.7626449383762073,0.7599758521867344
0.25,0.35845947265625,0.3580559616742496,0.35116731398191886
0.02,0.22141361236572266,0.2215292651592955,0.21885298902049588
0.07,0.3903999328613281,0.38631663340888567,0.3972039097156061
2.94,1.2782955169677734,1.2773961903014124,1.2763854693885848
0.39,0.8535566329956055,0.8499425013534494,0.8467501902377248
1.15,3.255636215209961,3.3122643672913346,3.118240830464394
0.15,0.49296092987060547,0.49289652054512745,0.49632844208609217
0.39,0.5315914154052734,0.532745781592769,0.5227686184671291
1.09,0.8945980072021484,0.8950504711108551,0.8906632327129129
0.32,0.7968015670776367,0.7949174072163017,0.8018500237181623
0.24,0.7981176376342773,0.7968200918004,0.787969200148351
0.16,0.2826519012451172,0.2830964648942891,0.29271264611083564
0.17,1.1410961151123047,1.1415743412658101,1.1368570077958995
0.49,-0.1337127685546875,-0.13358035353122832,-0.13541168717382135
0.17,0.33913612365722656,0.33748048493890015,0.33978507506376554
0.57,1.0261821746826172,1.0262767826074841,1.0250998294769464
0.05,0.6032257080078125,0.6033662360546204,0.6002844346041847
0.17,-0.13433074951171875,-0.13149133771338883,-0.12916545623664766
0.18,0.06655597686767578,0.06635246765042746,0.06679344474141446
0.18,0.3761272430419922,0.3765927447158408,0.3754560776871606
0.45,0.47197723388671875,0.4736772161685663,0.4720001034880782
0.13,0.6588859558105469,0.6549848742626785,0.6827613055985307
0.43,1.9077558517456055,1.9128921009475852,1.9000621624614342
1.38,1.9907722473144531,1.993615853111102,1.9846509372978889
0.46,0.40269947052001953,0.4045083558655418,0.4054037622134568
1.68,2.6032323837280273,2.6032914220466825,2.602791296330128
0.67,0.7569828033447266,0.75655628803985,0.7447957302412929
0.14,0.60052490234375,0.6073711065307246,0.6117614942609024
0.3,0.2364969253540039,0.23291509944292632,0.24708992277018926
0.17,0.8928604125976562,0.8937413592343026,0.892929994559996
4.11,0.8059673309326172,0.8071140473723575,0.8013168664526562
0.05,-0.036640167236328125,-0.03799232752795456,-0.024208155795724662
0.96,0.7643289566040039,0.7626449383762073,0.7599758521867344
0.17,-0.06834983825683594,-0.07101234720042493,-0.058814253365077285
0.02,0.28315162658691406,0.2856010482902027,0.2908026636813202
0.11,0.15744781494140625,0.16071131093126056,0.15977273538420272
0.56,0.22460174560546875,0.22614125581626876,0.22058216851042128
0.06,0.39765262603759766,0.3970736332884368,0.3984554919252032
0.45,0.719456672668457,0.7164956082930676,0.7212854405416561
0.91,0.685755729675293,0.685210763610753,0.667601703504123
0.02,0.07533836364746094,0.07276098116555696,0.12371190642332613
0.35,0.6158514022827148,0.6161021811296123,0.6122903618496514
0.35,0.5867023468017578,0.5836585144723523,0.5848299504585215
0.01,0.031818389892578125,0.024781646799254986,0.043878175196628066
0.85,1.3301048278808594,1.3298853902572043,1.3259708545347564
0.07,0.05443000793457031,0.053493045818636675,0.07044014921174713
0.39,0.9262752532958984,0.9257628775970095,0.9137328084879822
0.18,0.10338115692138672,0.10086996758750821,0.10442974892089923
0.12,-0.007405281066894531,-0.010062979030091679,0.006085681210618588
0.06,0.10398292541503906,0.0990676172807261,0.1090451163644302
0.05,0.8976402282714844,0.8971477581917506,0.8901807304336828
0.28,0.6225519180297852,0.6210383738068075,0.6048460531536828
0.06,0.13164043426513672,0.1318103565369515,0.1479831080408474
0.08,0.18657302856445312,0.18625418207418987,0.2077356013813424
0.25,1.952235221862793,1.9574471320961784,1.9470360624405818
0.01,0.03464031219482422,0.03263600622077156,0.03227292092013667
0.19,0.2970294952392578,0.29592857850910126,0.2964100442914975
0.01,-0.8601179122924805,-0.8591034858010032,-0.8349726849639759
0.05,0.4053525924682617,0.40563601242000735,0.41141388918383776
0.07,0.17848968505859375,0.18192657376795363,0.18278503215466968
0.13,-0.14253997802734375,-0.1406889697589564,-0.14368071888814216
0.04,0.09938907623291016,0.10224340754112404,0.10583016839205533
0.12,0.2967720031738281,0.29726865749500875,0.3030748705647157
0.1,0.46729373931884766,0.4664232707355096,0.4655486834033968
0.02,0.08691883087158203,0.08792019907029336,0.10465821517638263
1.2,0.33745670318603516,0.33741543956345255,0.34441784351382315
0.22,0.17660903930664062,0.17591729995520433,0.1836533320299168
0.25,0.545201301574707,0.5452770676988323,0.5435310273491054
0.04,0.18989849090576172,0.19215921496742405,0.2024134904937387
0.27,0.7586584091186523,0.758085682756084,0.7601731847325299
0.22,0.46729373931884766,0.4664232707355096,0.4655486834033968
0.12,-0.09332084655761719,-0.09401568460606824,-0.09282951895141134
0.13,0.7320241928100586,0.733772962452182,0.728818813594887
0.23,0.1298513412475586,0.128895376296567,0.1619571376211147
0.07,-0.055190086364746094,-0.06314190861571456,-0.05158339044639959
0.38,0.7072820663452148,0.7058815939781664,0.6914039442124844
0.66,1.0158977508544922,1.016859778353703,0.998948995060449
0.09,0.23175621032714844,0.22255404617710495,0.2301367332514262
0.01,0.7630386352539062,0.759935884596473,0.753146176294399
0.06,0.14231300354003906,0.1418460989324659,0.14189812525788154
0.02,0.05568218231201172,0.053851269057464624,0.05528521769060368
0.01,0.16335487365722656,0.16306136176915897,0.1649104220283485
0.16,0.412933349609375,0.41342674547975333,0.41359754382760117
0.09,0.952667236328125,0.9528043587526045,0.9500705515380918
0.09,0.24243450164794922,0.2426312627559848,0.25371634612910754
0.26,0.5643024444580078,0.5630831839125372,0.5694373437367344
0.61,0.7138137817382812,0.7132945693137818,0.7088072216625174
0.11,0.38164710998535156,0.3811688076682238,0.3812477891406297
0.12,0.552922248840332,0.552111693558293,0.5472963233617615
0.02,-0.049457550048828125,-0.049854618975310405,-0.04043153856754855
1.06,1.375204086303711,1.3751008422565931,1.3686506103406568
0.05,0.5048084259033203,0.5016675425196659,0.5086741350091596
1.26,0.4380302429199219,0.43752803072116375,0.450860652212647
3.13,2.559009552001953,2.565177317896136,2.5493743300638516
0.04,0.4779052734375,0.4791024374274069,0.4744446000622255
0.38,0.07834720611572266,0.08102814470443098,0.08281787162158838
0.02,2.1127967834472656,2.1194017899595914,2.1028853222971025
1.16,0.3903999328613281,0.38631663340888567,0.3972039097156061
1.29,0.15004825592041016,0.15188403151391228,0.16417217449445332
28.32,3.7736740112304688,3.7818336202890577,3.7689756831547014
1.23,0.6664552688598633,0.6674667991749765,0.6545033904303181
2.93,2.681793212890625,2.6818482377084387,2.680747937297572
0.45,0.7411327362060547,0.7348557340037218,0.7348059117285481
0.95,1.5313987731933594,1.5299240272162193,1.5309878458854365
0.78,1.0447368621826172,1.0464908723654278,1.0434877252764325
0.14,0.47823333740234375,0.4771885215897482,0.4721595037121639
0.27,1.5929431915283203,1.637841105726214,1.4572336851925902
0.04,0.5018520355224609,0.5035125636453275,0.5117716828947374
0.04,0.32318592071533203,0.32431852619845825,0.3277211936956759
0.14,0.4699249267578125,0.47449430722872643,0.4773827317816794
0.33,0.5625295639038086,0.5614672685497659,0.5597601992286638
3.87,1.800577163696289,1.637841105726214,1.6386138661625265
0.97,5.171957969665527,5.172026145619212,5.164050969030481
0.04,0.45684242248535156,0.4548120041697714,0.454125493361757
0.53,1.8776435852050781,1.8809889223014173,1.8721453635977667
0.21,0.13079261779785156,0.13077124717176836,0.1442641938200186
0.11,0.5533676147460938,0.5503752623155898,0.536235777141326
1.29,1.0049829483032227,1.0055212150614214,0.9909690912122717
0.04,1.005441665649414,1.0067224568396531,0.9740499765280384
0.14,0.5318756103515625,0.539299206869633,0.546229820539928
0.11,0.07944774627685547,0.07891511496173798,0.0899551604572143
0.11,0.3103055953979492,0.31147564190212296,0.31864831947160477
0.31,2.0423355102539062,2.043963908806594,2.0339321003025144
0.01,-0.45959949493408203,-0.46373916086047107,-0.4073236366997893
0.03,0.054442405700683594,0.054452505615536495,0.049922067662385494
0.14,0.49957752227783203,0.49939957183500017,0.5149296387497181
0.03,0.2872285842895508,0.28481465314257526,0.29036549480445306
0.02,0.43062877655029297,0.4298543474736978,0.424009822131984
0.07,0.31815624237060547,0.3172146457543581,0.3280752991656013
1.49,1.2520217895507812,1.2556243728664045,1.2660868005401007
0.13,0.13291358947753906,0.13179722143055428,0.1373050692198819
0.09,-0.2143840789794922,-0.21456673608699894,-0.20568818284866375
0.19,0.6158056259155273,0.617002588622082,0.6121031666315186
0.05,0.28085994720458984,0.28012423709345424,0.3033410484401029
1.74,1.4029302597045898,1.403294279203477,1.3707973915749228
0.38,0.6701211929321289,0.664255808746816,0.6641608622604953
0.09,0.3722248077392578,0.36957177501064886,0.3692877485126248
0.09,0.08920669555664062,0.08727227777499325,0.0844681661288672
0.79,0.14123821258544922,0.14161611880421665,0.14597999029361863
0.22,0.4456644058227539,0.4374284917392224,0.4510187183591919
0.04,0.19182872772216797,0.1883817652615325,0.20267872520881325
0.11,0.8081512451171875,0.8049415183195774,0.7926844141085976
0.59,0.8434295654296875,0.8423281046030371,0.8369307159493486
0.24,0.7682342529296875,0.7686849081014895,0.7640530117282214
0.42,1.3275060653686523,1.319822751263564,1.3289181920816628
0.31,0.1863555908203125,0.18143469607734874,0.1698741764071811
0.25,0.44422054290771484,0.44338159290692647,0.47387026199648985
2.04,2.298828125,2.3081763604571,2.296875264098882
0.01,0.03464031219482422,0.03263600622077156,0.03227292092013667
0.52,0.5359430313110352,0.5344951703966012,0.5310803571243713
0.03,0.25191307067871094,0.2539744518526992,0.26080685536211257
0.22,0.46802520751953125,0.4689823417472714,0.4650387473717631
0.67,0.8133172988891602,0.8104249259568692,0.8090139170856813
0.04,0.14231300354003906,0.1418460989324659,0.14189812525788154
0.1,0.16335487365722656,0.16306136176915897,0.1649104220283485
0.18,0.4306354522705078,0.42894879524888574,0.43028585403957664
1.1,0.8346261978149414,0.8319010723037956,0.8307517670482046
0.41,0.28494930267333984,0.28551549161551004,0.2981008765910619
0.47,1.33795166015625,1.3367775168300806,1.3104098023363187
0.06,0.27117252349853516,0.2714234912672522,0.2728028816544529
0.25,-0.09749031066894531,-0.09750029403304228,-0.08545771744519715
0.1,0.20042991638183594,0.20176291626400533,0.20900267719760962
0.24,0.07959938049316406,0.07972606097752855,0.0925709199523167
0.02,0.46074771881103516,0.4608519738950536,0.458202652903244
1.15,0.502100944519043,0.502453998643279,0.4929662134432615
1.44,2.6871566772460938,2.695267027240245,2.6613321018082825
0.76,0.6040983200073242,0.6031285481797746,0.6083917690194804
3.0,0.7878322601318359,0.7881913126773747,0.7842625433796862
0.22,1.0350656509399414,1.0341587778398647,1.0243085576192004
0.36,2.6871566772460938,2.695267027240245,2.6613321018082825
0.01,0.24245548248291016,0.24274452799598856,0.24186528579096278
0.58,0.6447963714599609,0.644327499904011,0.6435531528543845
0.04,0.3491697311401367,0.3456019114580775,0.3445002890240121
0.29,0.45712852478027344,0.45454493016052355,0.4518197254720101
0.07,0.24245548248291016,0.24274452799598856,0.24186528579096278
2.01,0.49002742767333984,0.48939142177113837,0.4875257616448323
0.01,0.32199859619140625,0.32509992368112806,0.3279977766477861
0.18,0.38892459869384766,0.3892991755204418,0.38808388360914875
0.14,0.8133172988891602,0.8104249259568692,0.8090139170856813
0.08,-0.036640167236328125,-0.03799232752795456,-0.024208155795724662
0.85,0.5538463592529297,0.5543215581378567,0.5517451840146845
0.06,0.040017127990722656,0.038249663052691174,0.04996486272813705
0.44,0.8630466461181641,0.8626936056669023,0.8665989958963933
0.08,-0.14921951293945312,-0.14834354619314483,-0.14038615489075001
0.39,0.8308315277099609,0.8241113540468343,0.8849236447478765
0.66,0.5976705551147461,0.5972877172987983,0.6127751780232971
0.02,0.299591064453125,0.30277244669681824,0.3041282154774231
0.79,0.7634563446044922,0.7634257246430338,0.7598541523757922
0.04,0.3818855285644531,0.3820502511213746,0.38367999105607065
0.56,0.7667217254638672,0.7684881100491965,0.7637015598681682
0.09,0.26501941680908203,0.26507975591284305,0.2699600565801552
0.28,0.9103050231933594,0.9096086732034419,0.9057764807896107
0.73,0.8133382797241211,0.8102825801812499,0.7889241911417644
0.06,-0.016618728637695312,-0.016266024475486418,-0.021126308233867297
0.68,0.3914623260498047,0.39211212268286033,0.3716781199906129
0.1,-0.062485694885253906,-0.06351676743161261,-0.030288556314958304
0.27,0.5700206756591797,0.5706763618242945,0.575090393430657
0.72,1.7453727722167969,1.7461262767922703,1.7502707557248494
0.3,0.4285459518432617,0.4265020506988211,0.42197061915944667
0.11,1.8793745040893555,1.88455164323398,1.8711470982403071
0.13,0.6438064575195312,0.6434014649170128,0.6399134004071801
0.05,0.7916450500488281,0.7902575529021048,0.7853684872341069
0.02,0.1974353790283203,0.1950262589673828,0.19388150894327022
0.16,0.6217727661132812,0.6223656887457094,0.6202209625943326
0.66,0.2581205368041992,0.25863194005843404,0.2742928922165284
0.12,0.26390647888183594,0.2611894050453125,0.2632296499319209
2.16,1.1690101623535156,1.1688304431624315,1.179094460531988
0.41,0.5855674743652344,0.5846274583634417,0.5884969135982118
1.28,0.8649148941040039,0.8643771211255653,0.8572964076834974
0.35,0.8242015838623047,0.8237454216300975,0.8204505751909201
0.11,-0.2633390426635742,-0.26374625696760323,-0.2540952739728143
0.7,0.006264686584472656,0.006695957775949779,0.02261573491005109
1.45,0.19264888763427734,0.19208616708880566,0.17654017113472625
0.04,0.3823223114013672,0.37798626759564025,0.4035117494914452
0.06,-0.31885242462158203,-0.3205151676472697,-0.32004173031392724
0.05,0.4497995376586914,0.4496790331389018,0.4477484840828589
0.11,0.4363069534301758,0.4391225101130878,0.43594408378087446
0.81,0.5678138732910156,0.5687095541493743,0.5749561210053755
0.11,0.6869640350341797,0.6879883240169149,0.6817501291952393
1.93,2.474546432495117,2.4724981580849184,2.4710213773364567
1.45,1.580540657043457,1.6273712071936715,1.4474345945609226
0.18,0.449188232421875,0.4511049692700595,0.4535253994463589
0.13,0.9845495223999023,1.0358519184762702,0.8798948017499351
1.53,2.2402448654174805,2.245801304674457,2.2393029912485076
0.02,0.5034904479980469,0.5024932854705979,0.5013222520508221
0.09,0.718419075012207,0.7200253975072648,0.7218863069426781
0.01,-0.16151714324951172,-0.15986777984921563,-0.14911145807212955
0.11,0.2887544631958008,0.2899077293733001,0.2868689287202431
0.59,0.3233480453491211,0.32344516869052753,0.320884248816212
0.51,0.3936929702758789,0.3901523742610318,0.3956860867464054
0.07,0.1340951919555664,0.13097079592689398,0.13696191522809759
2.15,1.9715003967285156,1.9782683404836043,1.9624810912387076
0.25,0.7316446304321289,0.7264304369547179,0.7295372210217039
0.03,0.5002727508544922,0.4999404643411227,0.4950243374171676
1.84,0.9424648284912109,0.9436949687592664,0.9260915888444554
0.03,0.495452880859375,0.49215278913042293,0.4983099270457704
0.2,0.4053525924682617,0.40563601242000735,0.41141388918383776
0.04,0.7764549255371094,0.774439907772767,0.7549600400990997
0.4,0.7307262420654297,0.7281987639139682,0.7071994113885809
0.17,0.1645975112915039,0.164128530049783,0.17793009910206203
0.04,0.3056344985961914,0.3085731125274682,0.3123923038750415
0.03,0.3949012756347656,0.39402474585426916,0.399990699142198
0.33,0.570648193359375,0.565795985631971,0.5711876312668978
0.11,-0.2687520980834961,-0.26826960747384887,-0.27038961310376564
0.47,-0.17973709106445312,-0.18047436671209005,-0.18408550624858677
0.08,0.5460014343261719,0.5461816081999216,0.5427849661276862
0.02,-0.5272121429443359,-0.5266136265008547,-0.5134351106008855
0.29,0.7258424758911133,0.7261782780924055,0.7181977989979679
0.09,0.016686439514160156,0.01134826960165114,0.011315124239674512
0.73,0.655644416809082,0.6549659728603254,0.6489774566376845
0.05,0.16335487365722656,0.16306136176915897,0.1649104220283485
0.13,0.25925350189208984,0.2565174363332827,0.2605439703747624
1.44,0.5855016708374023,0.577438035610113,0.5805127328939097
0.25,0.3324775695800781,0.3289273610414465,0.3340498021526617
1.34,1.0560312271118164,1.05663726449204,1.0482975844046203
0.14,-0.18906879425048828,1.4808510254338583,0.13160546028300618
0.67,0.8332643508911133,0.8339544352135153,0.8416869997314331
0.05,0.20943546295166016,0.2096492644643262,0.21362947612050598
0.13,0.46434593200683594,0.462541819355508,0.46639530914272326
0.03,0.5034904479980469,0.5024932854705979,0.5013222520508221
0.63,0.3399848937988281,0.3404311179004431,0.34057653343030436
1.25,0.8550930023193359,0.8559970444554521,0.8515423241689044
0.07,-0.0016050338745117188,-0.002081962917471536,0.01867138062385043
0.24,0.3571605682373047,0.3576419114075171,0.34205437864385535
0.13,0.46729373931884766,0.4664232707355096,0.4655486834033968
0.11,0.6766462326049805,0.6786524408622867,0.674996783621019
0.12,0.5895595550537109,0.5899303741985618,0.5704718581692148
0.81,2.4347496032714844,2.4391283998424225,2.4055611752443267
0.53,0.6859588623046875,0.6868545899834149,0.6841902338579079
0.03,0.24468040466308594,0.24438906187968001,0.24286440785528607
0.84,2.4008607864379883,2.4057352438766775,2.3946519632548116
0.43,0.5465822219848633,0.5483306618704713,0.5464366109076122
0.09,0.9286832809448242,0.927657738907905,0.921513029173791
0.08,1.7578706741333008,1.7631729229085746,1.7494290736126628
0.65,-0.23833560943603516,-0.23614359070851365,-0.22806044684247417
0.71,0.2073211669921875,0.20830326375870234,0.20048609244515792
0.02,0.16335487365722656,0.16306136176915897,0.1649104220283485
0.44,0.14344024658203125,0.13927336022631387,0.14701657070473267
0.04,0.8534879684448242,0.8540145424063574,0.8486353249526636
0.58,0.5465545654296875,0.5471743370884983,0.5399762737832
0.1,0.2439422607421875,0.24210018097832897,0.25836139230696886
0.99,0.9131326675415039,0.9136171269192788,0.9102590673147148
3.5,1.7577877044677734,1.7580847244604754,1.76572790081017
0.1,0.24684715270996094,0.24289595560757138,0.24449736021133817
0.12,0.41150569915771484,0.4121980741681983,0.44056130297938684
0.01,-0.4573202133178711,-0.4556588183786643,-0.44444592803483884
0.12,0.467193603515625,0.47554098546603174,0.4795674433292578
0.06,0.20455551147460938,0.20248202469917298,0.2096791001583968
0.12,0.1840066909790039,0.18500003125121478,0.19216409734151996
0.3,0.9973039627075195,0.9985783453147552,1.0018804728524109
0.4,0.715886116027832,0.7161280880348961,0.7094045486632807
0.33,0.3191719055175781,0.3183912608719166,0.3349168174388135
0.37,1.7957334518432617,1.801243019367191,1.7904874145628908
0.06,0.6211967468261719,0.6198248047014692,0.6156626703488136
0.38,0.18695831298828125,0.18504755067621992,0.1815874261150512
0.12,0.11709403991699219,0.11702147137032726,0.11267783930855213
0.06,0.4594449996948242,0.4679698844289859,0.48175159343570206
0.15,-0.2430896759033203,-0.24875301277438688,-0.2392413467218707
0.03,0.22457504272460938,0.22044061634363832,0.22928369200277327
0.14,0.6447963714599609,0.644327499904011,0.6435531528543845
0.57,0.8133172988891602,0.8104249259568692,0.8090139170856813
0.76,0.6353778839111328,0.6361132536906267,0.6271534692465415
0.17,0.10137557983398438,0.10334330589424989,0.11185538496576236
0.76,0.5754680633544922,0.5735836608426703,0.5679020416382949
0.1,0.26390647888183594,0.2611894050453125,0.2632296499319209
0.2,0.502100944519043,0.502453998643279,0.4929662134432615
0.46,0.643946647644043,0.6408383348482722,0.6386412218766171
0.52,0.9036865234375,0.9041217236144807,0.8999248082614881
1.32,0.5924816131591797,0.5939383010103918,0.5948469228802238
0.15,0.49878787994384766,0.4974590207195635,0.49678654898180585
0.07,0.3631877899169922,0.36370479259779653,0.34884720289298304
0.29,0.7463464736938477,0.743261334179842,0.7426956894230485
3.02,0.6176681518554688,0.6190178879852448,0.6158444407630697
15.14,1.9860038757324219,1.992762654370512,1.9770487341606322
0.17,0.34191226959228516,0.33779124230071544,0.3453487039920441
0.11,0.4442129135131836,0.44531362197054425,0.4492357626606129
0.04,0.16335487365722656,0.16306136176915897,0.1649104220283485
2.08,0.5409946441650391,0.5392582998986255,0.5411499738910264
0.07,0.4235668182373047,0.42470800243594997,0.41836758149868253
0.05,-0.09103870391845703,-0.08298948329608824,-0.06923230692314897
0.05,0.10137557983398438,0.10334330589424989,0.11185538496576236
0.03,-0.5045738220214844,-0.5010914532166411,-0.4816524028143395
0.23,0.4699411392211914,0.4712511371671586,0.4735675952134256
0.03,0.03464031219482422,0.03263600622077156,0.03227292092013667
0.64,0.6737775802612305,0.6730629821214515,0.6778585355377872
0.87,0.5537099838256836,0.5529401447337197,0.566206339972393
0.11,0.6496877670288086,0.6483357690694178,0.6461088766342215
0.1,0.2780733108520508,0.2878663237628405,0.3063816811295083
0.01,0.018535614013671875,0.018236917551705423,0.023253665431790416
0.03,0.2756967544555664,0.2784597715040116,0.2903609578463964
0.05,0.4017801284790039,0.4019967912777167,0.3970072684625127
0.03,0.14231300354003906,0.1418460989324659,0.14189812525788154
0.1,0.8133172988891602,0.8104249259568692,0.8090139170856813
0.08,0.2527761459350586,0.25168898910767035,0.24865608176397935
0.49,0.8534879684448242,0.8540145424063574,0.8486353249526636
0.22,0.6409635543823242,0.6417542612833185,0.6332424771871078
0.05,-0.022211074829101562,-0.025793649493041082,-0.020419098175298078
1.87,2.105717658996582,2.1087193219481493,2.101051244474904
0.1,0.6642770767211914,0.6631255568681029,0.6609083598264697
0.06,0.4700965881347656,0.46766794235581677,0.4728684033633253
0.99,0.809330940246582,0.8074784965512412,0.8083138505198285
1.38,0.7569828033447266,0.75655628803985,0.7447957302412929
0.09,0.4805479049682617,0.47927920892155496,0.4842915934049651
0.41,0.9651308059692383,0.9677488474805211,0.9648144239331315
1.04,0.4570646286010742,0.4553089883712085,0.45265511115799184
0.04,0.8515386581420898,0.8533209228736935,0.8239359895826216
0.31,0.41736412048339844,0.41402945620855713,0.4178576143341367
0.68,0.981593132019043,0.9807464736450329,0.9818707141715372
0.08,0.06927776336669922,0.06966466252178738,0.0783765045181738
0.02,0.26390647888183594,0.2611894050453125,0.2632296499319209
0.02,-0.5045738220214844,-0.5010914532166411,-0.4816524028143395
0.12,-0.04411506652832031,-0.0424177141494797,-0.037904954157158
0.08,-0.023886680603027344,-0.023277893800691007,-0.023153459360310324
0.48,0.8059673309326172,0.8071140473723575,0.8013168664526562
0.07,0.3676137924194336,0.3682911684023773,0.36544734093762765
0.54,1.025503158569336,1.0263771549933525,1.0253801102231637
0.1,0.18706035614013672,0.18752856652094252,0.19507652207155657
0.02,0.30162906646728516,0.3016869527405055,0.3038559228933847
0.26,-0.07647418975830078,-0.07606837725320137,-0.07182307327939641
0.43,0.7957544326782227,0.7963842242597701,0.7923258783264575
0.13,0.7404003143310547,0.7423328941989671,0.7324352593564252
0.03,0.27419281005859375,0.27347369379140996,0.2744175835359878
0.04,-0.042441368103027344,-0.040129780587997654,-0.03483455535466706
0.92,0.8811626434326172,0.8807572438739051,0.8741945706737836
0.47,0.26646995544433594,0.26473353720804393,0.3127453982713666
0.05,0.6225519180297852,0.6210383738068075,0.6048460531536828
0.25,0.2750244140625,0.27585207145013046,0.26797594766200356
0.26,1.0569648742675781,1.0558548577601772,1.0542501767178085
1.19,0.8254556655883789,0.8250546113346875,0.8161995892580927
0.03,0.27716064453125,0.2740453432313579,0.2819725599334892
0.04,0.1725320816040039,0.1767036951028318,0.18409050090678392
0.19,-0.32625293731689453,-0.3278277085501333,-0.3275871253488821
0.08,0.44712352752685547,0.4452039488418382,0.4407542720707331
0.16,0.1280231475830078,0.12815065964485162,0.1444153593624764
0.28,0.09199142456054688,0.09067707079608156,0.09881558718078465
0.45,0.5061483383178711,0.5063032490545438,0.49092329896605963
0.02,0.3277091979980469,0.3280741623008565,0.3264475990154051
0.02,0.2557096481323242,0.2556004661820339,0.26060819579253114
0.17,0.19158363342285156,0.19281186816868612,0.17931551075533958
0.05,0.14758682250976562,0.15001500471322626,0.15692152403160015
0.01,0.09188270568847656,0.09046171059957775,0.09595403071707109
0.02,-0.16936683654785156,-0.16707293373534737,-0.16063353454425888
0.33,1.7688732147216797,1.7780896347276687,1.7711058213500466
0.07,1.9446439743041992,1.9520661818470986,1.936009141713022
0.17,0.1508026123046875,0.15273482264880434,0.1470816268331117
0.12,-0.05236244201660156,-0.05498118284783127,-0.038367457259309234
0.24,0.04858684539794922,0.049321561496476374,0.06038948777199027
0.4,0.2722940444946289,0.2714739925208953,0.2698634905245919
4.21,-0.2020711898803711,-0.20096855457165197,-0.1923118258381814
0.01,0.10062503814697266,0.10037133986686686,0.10120056204424055
0.37,0.21436119079589844,0.21514918762797874,0.20574484856225816
0.03,0.2849454879760742,0.28631958548530845,0.2951790602059716
0.41,0.6358060836791992,0.6338943119928528,0.6235889631552511
1.71,0.03351879119873047,0.035222925105892644,0.04351556169524462
0.67,0.6173639297485352,0.6147051631684366,0.5917063361755077
0.08,0.39024925231933594,0.39064461305503095,0.394178924586305
0.41,0.7109203338623047,0.7129536768544731,0.7085512967404233
4.34,1.1838207244873047,1.2381255560696234,1.0844167391901716
2.09,0.46729373931884766,0.4664232707355096,0.4655486834033968
0.04,0.2739744186401367,0.2719587149565299,0.2716225848028848
0.07,0.2173776626586914,0.20859848020671068,0.21911916331442788
0.26,0.007838249206542969,0.009716438175843667,0.016859205692038803
0.9,0.6217727661132812,0.6223656887457094,0.6202209625943326
0.1,-0.007405281066894531,-0.010062979030091679,0.006085681210618588
0.03,0.05568218231201172,0.053851269057464624,0.05528521769060368
0.03,0.03464031219482422,0.03263600622077156,0.03227292092013667
0.47,1.1922922134399414,1.1934808456867156,1.2017005588756189
0.34,0.6176643371582031,0.6161234157003999,0.6227076679109885
0.23,0.01636791229248047,0.0213100888295219,0.029762834559002305
0.01,0.017167091369628906,0.016945719596655584,0.023994594628472643
0.18,0.3499298095703125,0.3514793791817874,0.34476027536373977
0.3,0.17426395416259766,0.17392706299601413,0.17396799772098603
0.06,0.48219871520996094,0.4792968509443776,0.47956701704420207
0.5,0.2330636978149414,0.23511062428106633,0.23732979065520432
0.25,0.24851036071777344,0.2575121731103609,0.2761943200802692
0.26,0.2686748504638672,0.26204260378590294,0.27083185306917756
0.35,0.3180828094482422,0.31516549386583104,0.3204620419725865
0.06,-0.04850959777832031,-0.048745911050416035,-0.055149834201882464
0.05,0.34958744049072266,0.34909175150463834,0.35120826510540537
0.16,0.5173206329345703,0.5157138372188681,0.5183100267436461
0.11,0.2121267318725586,0.2111857234021488,0.21811845997052098
0.08,-0.4279909133911133,-0.4283942320523164,-0.41570715566247196
0.16,0.2945079803466797,0.29490118956229616,0.29015178036386086
0.12,-0.3793506622314453,-0.3806674987665626,-0.36594864459832555
0.61,0.7985172271728516,0.7999980606310593,0.7875531803883087
0.05,0.021607398986816406,0.022039679122930034,0.02002665516724511
0.04,0.4182157516479492,0.4102712882426114,0.4120631886103626
5.09,1.7378005981445312,1.7423138675537433,1.748384125083284
0.09,0.6621217727661133,0.6636913538758018,0.6399540288206059
2.7,0.7147073745727539,0.7147956822176178,0.7129595648511331
0.05,0.6758737564086914,0.6746098421318405,0.6737069404478626
0.02,0.495452880859375,0.49215278913042293,0.4983099270457704
0.19,0.4314908981323242,0.4300195893517753,0.4354828488279482
0.01,0.1654062271118164,0.1655557186806036,0.17993383171987665
0.04,-0.09895801544189453,-0.09702611761407542,-0.08131009097938979
0.34,0.822270393371582,0.819318802826932,0.8212798685685064
0.93,0.7079524993896484,0.7094118361963107,0.6903732971445781
0.09,0.36879920959472656,0.36126158532915476,0.3635575429082407
1.16,0.15412521362304688,0.15109763636628482,0.16373500561758625
0.13,0.20455551147460938,0.20248202469917298,0.2096791001583968
0.95,0.3771381378173828,0.37503811137334364,0.37325210993736974
0.14,0.2784843444824219,0.2796026195747856,0.27514171289519135
0.06,0.276092529296875,0.2740247175299273,0.2770042639599114
0.14,0.48947620391845703,0.48742721879659534,0.48640311151272114
0.03,0.03464031219482422,0.03263600622077156,0.03227292092013667
0.05,0.1608896255493164,0.1597663849007276,0.16667916411881378
0.15,0.1374950408935547,0.13064088357510495,0.1436072460856686
0.18,0.2759408950805664,0.2768809050047045,0.2681995726467359
0.36,1.142024040222168,1.1444270295082082,1.134240905688118
4.84,3.2663888931274414,3.2663762657979722,3.2713607321296094
0.74,0.6908416748046875,0.692336675306372,0.6865603679537151
3.58,0.4899158477783203,0.48786880848428194,0.49572720024070965
0.3,0.7369565963745117,0.7374070832687563,0.7326822096115164
0.69,1.989018440246582,1.8331617788960017,1.8353045390901892
0.06,0.10137557983398438,0.10334330589424989,0.11185538496576236
0.04,0.28660011291503906,0.2870084371503394,0.2884822194283967
0.42,0.2702474594116211,0.26555953789488007,0.2727996791882715
0.35,0.9086122512817383,0.9113252363979911,0.9092302421843328
0.1,0.794682502746582,0.7922431265872132,0.7911101533460354
0.02,0.18833637237548828,0.18696662775365325,0.20100617689146816
0.21,0.5433950424194336,0.5427102915721185,0.5403219939730447
0.09,2.4347496032714844,2.4391283998424225,2.4055611752443267
0.06,0.4620857238769531,0.4606850992130527,0.46725439890012443
0.04,0.2279825210571289,0.22864871715541502,0.23356600411065387
0.48,0.5279369354248047,0.5283699602483876,0.5261376905931159
0.03,0.2585477828979492,0.26023111462851567,0.2679451642147132
0.05,0.18706035614013672,0.18752856652094252,0.19507652207155657
0.54,0.01719188690185547,0.018951001033357784,0.02614151027213507
0.03,0.5225381851196289,0.5227073573591501,0.52509392981161
1.32,1.9637889862060547,1.9633921508421568,1.9553726219533334
0.04,0.3878202438354492,0.3899609772639927,0.3946934470202728
0.15,0.43550682067871094,0.4337796878536191,0.43761922281408366
0.07,0.6211967468261719,0.6198248047014692,0.6156626703488136
0.03,0.23244476318359375,0.23017340666295438,0.24984563406116983
0.43,0.7603206634521484,0.761844276002694,0.7554253182958472
0.06,0.3948631286621094,0.39509394829486255,0.40107045629917093
0.14,0.020262718200683594,0.020740563377325216,0.02908658641758044
1.42,2.714846611022949,2.7217365642285536,2.70849323220856
0.89,1.1352062225341797,1.1361380313180516,1.1304747134022137
1.57,0.8532085418701172,0.8540873508536087,0.8508502041218434
0.37,0.287261962890625,0.2913634974590904,0.29834122871991586
0.04,0.016183853149414062,0.016358344092356036,0.031192595508491183
0.34,0.2327556610107422,0.23348400464840724,0.2272942886885414
0.08,0.4471158981323242,0.4471369998648669,0.4457712497471527
0.37,0.34958744049072266,0.34909175150463834,0.35120826510540537
0.02,-0.16623497009277344,-0.1702299309520774,-0.15928682271914163
0.03,0.6791419982910156,0.6798829258910368,0.687230959663761
0.02,0.10062503814697266,0.10037133986686686,0.10120056204424055
0.02,-0.026248931884765625,1.5303430622706433,0.18081058221104157
0.41,0.0969390869140625,0.1018564715899013,0.11310073904739282
0.4,0.42179012298583984,0.4222672572228954,0.4226797329782932
0.05,-0.009611129760742188,-0.011037136107420187,-0.008742213262081688
0.04,0.03464031219482422,0.03263600622077156,0.03227292092013667
0.09,0.43443965911865234,0.4349762196611806,0.44970835441506585
12.63,2.3206005096435547,2.320305004055542,2.315038823913595
0.41,0.10513687133789062,0.1033176487856231,0.11469694071863934
0.12,0.5573940277099609,0.5529400474459256,0.5524447212653294
0.02,0.19199180603027344,0.19557299570109543,0.2170310905828845
0.09,-0.2515535354614258,-0.2500956659708551,-0.2352014278914878
0.04,0.1483774185180664,0.15002339512178575,0.1548682332910023
0.24,0.7112140655517578,0.7086376027961185,0.688637137119098
0.06,0.22498321533203125,0.22676563124608817,0.20620308791155112
0.75,0.39441394805908203,0.3938796159200839,0.39621515444017463
0.08,0.3843193054199219,0.3837504896213215,0.3861862919256819
0.76,0.34162235260009766,0.3423774943517397,0.3430111310233598
0.37,-0.0073566436767578125,-0.007431081312928134,-0.012447274716351653
0.15,-0.0159759521484375,-0.015664971783080572,-0.006205808706268412
0.1,0.17892742156982422,0.17779834443864528,0.17885701509065183
0.03,0.12145042419433594,0.12193097675588804,0.12838283185793298
0.08,0.9416389465332031,0.9398376995841096,0.9108320274445543
0.55,0.7754955291748047,0.7766808273626102,0.7580839617710109
0.03,0.8019523620605469,0.8026548905874646,0.8090051739386745
0.09,0.05568218231201172,0.053851269057464624,0.05528521769060368
0.03,0.30173492431640625,0.3058736491491343,0.3063568295547179
0.92,0.6666278839111328,0.6688018212363227,0.6782969826361313
1.5,0.6689882278442383,0.668509499913504,0.6782312635940839
0.87,1.1818275451660156,1.1811400004674226,1.1829412018090415
0.38,0.16335487365722656,0.16306136176915897,0.1649104220283485
0.97,1.1864757537841797,1.1866923441971022,1.1740108636571964
0.06,0.12082958221435547,0.12218822840676147,0.13607408513435604
0.19,0.6900835037231445,0.6935403682857266,0.6888957457333541
0.61,0.35681724548339844,0.35794491437454545,0.3646406997097632
0.03,0.2929210662841797,0.29478129189702806,0.2893822222837089
0.09,0.789891242980957,0.792625048676846,0.7908426982539555
0.02,0.2943124771118164,0.2966141715763322,0.30156943989272567
0.04,0.17944717407226562,0.18054794840168586,0.19099030045209886
0.7,0.9245052337646484,0.923734550825992,0.9216498887589607
0.02,0.05769538879394531,0.05660586977334314,0.05706038040874939
0.89,0.7747802734375,0.7742562049419455,0.7713990422283741
0.29,0.6299428939819336,0.6285185937395654,0.6637984118668152
0.02,-0.14984512329101562,-0.14794437578824904,-0.14182268550798727
0.07,0.29816627502441406,0.2965819039178095,0.29908584796304016
0.26,0.07012939453125,0.07015284169885905,0.07788166159180443
0.21,0.5467615127563477,0.5474611361213886,0.5422706216100499
0.04,0.13028526306152344,0.1307955989007865,0.26547069504480014
0.01,0.27716064453125,0.2740453432313579,0.2819725599334892
0.5,0.6612148284912109,0.6617475296498605,0.6529520667758272
0.05,0.28674888610839844,0.28268621718264764,0.2862891734421431
0.05,-0.08793258666992188,-0.08582601518995658,-0.06043134032055908
0.09,0.21801471710205078,0.22101506421402273,0.21960671666859327
0.65,2.1923179626464844,2.1983982872373495,2.187518275055139
3.44,0.1131601333618164,0.11270995061439892,0.12822519524286558
0.03,-0.4494009017944336,-0.44755499024500955,-0.43950535100421184
0.01,-0.2635622024536133,-0.2608866580634328,-0.25714805408803676
0.44,1.5533943176269531,1.5521015630023154,1.547261249806035
3.9,1.2398223876953125,1.2407641715958062,1.2380055912799262
0.01,0.18833637237548828,0.18696662775365325,0.20100617689146816
0.2,0.0989675521850586,0.09947834842401715,0.11854088253696282
0.1,-0.28654003143310547,-0.2837733079123752,-0.2845045540165251
1.62,1.0290203094482422,1.028875957287176,1.013389408647059
1.46,0.4123268127441406,0.41171292986667285,0.4300935037433614
0.29,0.8880596160888672,0.8883120474157664,0.8855369914853806
0.37,0.4080209732055664,0.4107547393443969,0.4154870085405141
0.29,2.152462959289551,2.1584361904804306,2.1430085321121215
0.7,0.5501213073730469,0.5497090513661604,0.5403678260494569
0.31,0.6891336441040039,0.6890017418746597,0.687098147965607
0.29,0.4031105041503906,0.4032259721095348,0.40066240938127906
0.01,0.014923095703125,0.012355728167537494,0.02507300720890071
0.03,0.41823673248291016,0.41716365116572995,0.41673993882637994
0.01,0.2178792953491211,0.22058276556393763,0.23464354861097014
0.13,-0.05774211883544922,-0.050241302105515695,-0.03879753454726975
0.31,0.0844717025756836,0.08460633077147617,0.09377345175679419
0.08,0.21264076232910156,0.2133908888039744,0.2292531042116086
0.01,0.7691898345947266,0.7698884328984583,0.7413966644148218
0.19,-0.02392578125,-0.02096615036591376,-0.017699348421819305
0.02,0.2800626754760742,0.28169951617429256,0.2948206752795944
0.17,0.6288852691650391,0.6223356067765811,0.6247613654534633
0.08,7.75767707824707,7.758610605770266,7.747121624851052
0.04,0.30580902099609375,0.31036295015017945,0.3182777567100638
1.22,0.8811626434326172,0.8807572438739051,0.8741945706737836
1.26,-0.2130908966064453,-0.21037515695546172,-0.2013511531154687
1.74,2.106138229370117,2.1108486660621377,2.0971500493859985
0.02,-0.4425945281982422,-0.441373397341732,-0.42859736575175333
0.09,0.8551292419433594,0.853459435462427,0.8487180163568188
0.61,0.27857017517089844,0.27938489114702536,0.26985760978972007
0.11,-0.09963130950927734,-0.09960973031506803,-0.09899712013678263
0.13,0.8873014450073242,0.8903172292799266,0.8865936995128116
0.92,3.8266448974609375,3.675901038144728,3.6574850399598193
0.12,0.707026481628418,0.7076953230505774,0.7048032758187748
0.09,0.5058307647705078,0.5025919917504333,0.5031635582607039
0.08,0.06960487365722656,0.06704610259699595,0.0745703044174526
0.46,0.9673824310302734,0.966508639528437,0.9653769335341049
0.5,0.6824121475219727,0.6810498179210542,0.6772989549425572
0.7,0.03710174560546875,0.033655884881628406,0.04168425913282958
0.02,0.495452880859375,0.49215278913042293,0.4983099270457704
0.59,0.5439109802246094,0.5405660219414641,0.5441646859588162
0.06,0.2849454879760742,0.28631958548530845,0.2951790602059716
0.23,0.38013553619384766,0.3769327016292672,0.38113033622818737
0.04,0.4053525924682617,0.40563601242000735,0.41141388918383776
0.05,-0.02264690399169922,-0.023297225754164597,-0.004340916146616469
0.88,0.8116722106933594,0.8140432215326618,0.8110283931970682
2.67,1.2531089782714844,1.2511570810601529,1.2442055628190314
0.17,0.6173639297485352,0.6147051631684366,0.5917063361755077
0.36,0.19180870056152344,0.19170451371542852,0.2000911642933778
14.63,0.6262493133544922,0.6253280472129219,0.6236166248642366
0.63,1.3086557388305664,1.3019458835435596,1.3099145684044164
6.66,6.1540069580078125,6.1537900238379795,6.142850381132331
0.09,0.39678192138671875,0.4000340196670187,0.39912239926695087
1.24,1.4094696044921875,1.4104294645796804,1.406052412460836
0.28,0.7994937896728516,0.8002446107691736,0.7862584443181571
0.62,1.1654338836669922,1.1657198741963635,1.1661621825112127
0.97,0.5451517105102539,0.5441663460841291,0.5435101240323569
0.38,0.3932781219482422,0.394380325578062,0.40076302217997395
0.02,0.3102836608886719,0.3087845166951466,0.3151529542930658
0.05,0.18989849090576172,0.19215921496742405,0.2024134904937387
2.22,0.4274139404296875,0.43080598449940277,0.4359200177048153
0.84,1.047872543334961,1.0496445132908914,1.0407422549766538
0.33,0.7753505706787109,0.7762289372325153,0.7753261880657487
8.38,2.339061737060547,2.3453141089179432,2.3297859229552276
0.09,0.41470813751220703,0.41515076580925037,0.4217780971472269
0.08,0.3230781555175781,0.3235476593029796,0.3239026235723026
3.3,1.4278392791748047,1.4286432297162683,1.4259355206468356
0.14,0.13052749633789062,0.12967607891928257,0.148904550059748
0.21,1.9077558517456055,1.9128921009475852,1.9000621624614342
1.67,1.396718978881836,1.3975855640165862,1.3941151858902177
0.02,0.7213916778564453,0.721563173239814,0.7356279464473335
0.14,-0.07598018646240234,-0.07599188555291536,-0.04898182696037201
0.41,1.2646675109863281,1.2635962291165677,1.26346347974988
0.42,0.2574024200439453,0.25853953797536144,0.2631513300692522
0.32,0.24315643310546875,0.2484017632096105,0.2646169523437761
0.17,0.17848968505859375,0.18192657376795363,0.18278503215466968
0.07,0.2123432159423828,0.21084134934982068,0.2139484869272954
0.03,0.12133121490478516,0.12104149938487097,0.12153362605233325
0.48,0.7664012908935547,0.7647705342532343,0.761195413849136
0.99,2.6957855224609375,2.7059118409244696,2.6920918641131917
0.33,0.5693578720092773,0.5633993154809365,0.5658280763767819
0.17,0.1913623809814453,0.19032995991946478,0.19138341799252917
5.58,3.4632701873779297,3.3122643672913346,3.2996210114343305
0.1,0.6235485076904297,0.6293329176890261,0.6350936845209545
0.15,0.7824077606201172,0.7831815255401358,0.7823801351783746
0.2,-0.0850362777709961,-0.08335362354407816,-0.07982905855088729
0.48,0.3676137924194336,0.3682911684023773,0.36544734093762765
0.02,0.1115732192993164,0.10996383137058863,0.11147625763013241
0.13,2.176176071166992,2.184814446688567,2.1765748714082314
0.09,0.6425533294677734,0.6430295961730068,0.6369591799911672
1.32,0.9022455215454102,0.9035682366971989,0.904229633521717
0.03,0.10062503814697266,0.10037133986686686,0.10120056204424055
0.55,0.3082590103149414,0.30875382078261393,0.31020749487633165
0.1,0.4053525924682617,0.40563601242000735,0.41141388918383776
0.03,0.07051277160644531,0.06846816122069899,0.07328376318057306
0.27,0.10465812683105469,0.1021604906633895,0.1061990580437453
0.01,0.7764549255371094,0.774439907772767,0.7549600400990997
0.12,0.567596435546875,0.5683895999251913,0.5629885705536669
0.2,0.5568065643310547,0.556050735133619,0.5545101073303424
0.53,1.3493890762329102,1.3487278670607998,1.3522348907512851
0.56,0.9684581756591797,0.9694725148671868,0.9490832689750817
0.63,1.006124496459961,1.0065576350906555,1.004040630234604
0.49,0.15249156951904297,0.15804865429208204,0.17272297425086902
0.03,0.6272354125976562,0.6282923192398642,0.6112974732383643
0.55,0.5363397598266602,0.5310926475200435,0.5331115829897473
0.19,0.6997213363647461,0.6942652080120464,0.7058914698418706
0.11,0.1325359344482422,0.1330993451599385,0.13477650365273713
0.01,-0.19109439849853516,-0.1888663912568973,-0.17648628224756113
0.49,0.07207489013671875,0.076192859160366,0.07598711626464782
0.13,-0.2358245849609375,-0.23262622597326832,-0.23099175584390563
0.04,0.44126033782958984,0.4391254623240315,0.4400721290864319
0.06,0.4577617645263672,0.45625214161179906,0.45356162334030353
1.21,0.5058307647705078,0.5025919917504333,0.5031635582607039
3.07,0.08509349822998047,0.08440878869822721,0.09178975568154624
0.1,0.6610889434814453,0.6572070948217312,0.64246092801099
0.63,0.766362190246582,0.7674476025058989,0.7609262108254226
0.71,0.3324775695800781,0.3289273610414465,0.3340498021526617
0.76,0.46074771881103516,0.4608519738950536,0.458202652903244
0.2,0.5002727508544922,0.4999404643411227,0.4950243374171676
2.41,0.5451202392578125,0.548137503730274,0.5502604360028067
0.81,0.4922199249267578,0.4902797551905176,0.48961045804688935
0.36,2.3169546127319336,2.317064742946741,2.32471236882211
0.14,0.4574718475341797,0.45570350322454645,0.4611018314917625
0.02,0.5975370407104492,0.5996101322112803,0.6012999410892531
0.24,0.1273355484008789,0.1288081322850927,0.13185593652053534
0.33,1.4904403686523438,1.5408544304832554,1.36053855669899
0.78,1.8551559448242188,1.8535754902060413,1.82742469660423
0.7,1.1677665710449219,1.1669784771729232,1.1637572117834987
0.05,0.36754512786865234,0.3683302356514928,0.38135754199664396
0.66,0.7643289566040039,0.7626449383762073,0.7599758521867344
0.01,-0.5045738220214844,-0.5010914532166411,-0.4816524028143395
0.14,-0.4853534698486328,-0.4843696159360833,-0.47990456564892503
5.33,3.3847551345825195,3.3844291220013476,3.3812370929424356
0.03,-0.24875545501708984,-0.24796703743393067,-0.25174567481536625
3.71,3.3410568237304688,3.3495910973023935,3.335514877762242
0.26,0.7216653823852539,0.7202488693618567,0.7000603271607378
0.27,0.37726783752441406,0.3780639745233916,0.3906474205810313
0.97,0.22368717193603516,0.22085283699278047,0.23002572338877209
0.05,-0.2159137725830078,-0.21601184521789807,-0.2228707128128088
0.04,0.5359430313110352,0.5344951703966012,0.5310803571243713
3.36,0.640049934387207,0.6464595969767937,0.6485831787748261
0.12,0.07719230651855469,0.07467374307486807,0.07594183268184695
0.35,0.1561431884765625,0.15636716241136628,0.13022168932582373
2.19,1.1736736297607422,1.17399087362947,1.1722508975487065
0.63,-0.008971214294433594,-0.009530324527970535,0.0009267978291901402
0.2,0.5801486968994141,0.5800581046401603,0.575143359310593
0.19,0.5281143188476562,0.529468506499333,0.5370128451181232
0.2,0.6225519180297852,0.6210383738068075,0.6048460531536828
0.13,0.2771568298339844,0.2777624290639913,0.28673003800117947
0.51,0.3676137924194336,0.3682911684023773,0.36544734093762765
0.17,0.07505321502685547,0.07558179791413377,0.0789646719655882
0.06,-0.10258007049560547,-0.09957933119043649,-0.08735438566893716
0.26,0.28655433654785156,0.2801586722185474,0.28233872906535934
0.34,5.727005958557129,5.72672087017879,5.721245542686469
0.01,-0.02264690399169922,-0.023297225754164597,-0.004340916146616469
0.03,0.17848968505859375,0.18192657376795363,0.18278503215466968
0.22,0.2364969253540039,0.23291509944292632,0.24708992277018926
0.09,0.8664531707763672,0.8642899157613386,0.8602629062094007
0.06,0.4073801040649414,0.4086793860461988,0.40064547699678105
0.06,-0.0874776840209961,-0.08750424092118991,-0.07576793191668985
0.02,0.3757047653198242,0.36658296551328773,0.3706004745334985
1.14,0.8896169662475586,0.8882884021103856,0.878469979124162
0.13,0.9410915374755859,0.9417540839339398,0.9367474344571614
0.75,0.30759620666503906,0.30137393505524046,0.3053510258358263
4.88,2.106138229370117,2.1108486660621377,2.0971500493859985
0.03,0.0733184814453125,0.07331901107191707,0.08088405052817216
0.07,2.160639762878418,2.1678321234292,2.148531635663323
0.1,0.3317298889160156,0.33206938392368746,0.32796129599869617
1.27,-0.2775850296020508,-0.27715813925210786,-0.2658169603897298
0.2,0.3277854919433594,0.3261911382154785,0.3336449198439462
0.05,0.4595060348510742,0.4611437708796875,0.4491790524414568
0.09,0.2364969253540039,0.23291509944292632,0.24708992277018926
0.24,0.5467824935913086,0.5461311945689498,0.5459509564902687
0.04,0.4590873718261719,0.45871825362854923,0.45999499195011306
0.3,0.2713603973388672,0.26895624456311396,0.2693310864367781
0.35,0.7033185958862305,0.7043151268913741,0.7204580095288337
0.13,-0.24811172485351562,-0.24585775498504625,-0.23810098148224135
0.06,-0.22290802001953125,-0.2251639394330014,-0.23296471257859086
0.78,2.625110626220703,2.6312040031251214,2.6182703827617084
0.02,0.6405315399169922,0.6413990999173846,0.6445940665266685
0.11,0.5179481506347656,0.5176009741187688,0.5122875402851145
0.2,0.38164710998535156,0.3811688076682238,0.3812477891406297
0.19,0.3793773651123047,0.3768366264317826,0.3754927358474011
1.1,1.2258949279785156,1.2248019527660365,1.2242488295180207
0.04,0.07051277160644531,0.06846816122069899,0.07328376318057306
0.01,-0.5272121429443359,-0.5266136265008547,-0.5134351106008855
0.45,0.26390647888183594,0.2611894050453125,0.2632296499319209
0.04,0.37041282653808594,0.3706513883936595,0.37839053491909785
82.53,2.7703046798706055,2.7775878583682543,2.762203699831046
0.1,0.16558837890625,0.16650260249085203,0.16049263374486783
0.93,0.6157302856445312,0.6162778026898146,0.6221448067602582
0.14,0.7579832077026367,0.7571412289533872,0.7501743709205416
0.89,0.732269287109375,0.733683993540964,0.7279213429277163
0.08,0.48561954498291016,0.48436467909767855,0.4809512204993113
0.37,0.11640071868896484,0.11587316704067652,0.12667860960921096
0.4,0.6797113418579102,0.6774047092170847,0.6751381073376022
0.02,0.10985851287841797,0.1078273578779827,0.11251760973126917
1.38,0.7936077117919922,0.7927654264087618,0.7753822324766529
0.07,0.5371227264404297,0.5391255820224752,0.5393734535799259
0.02,0.32395458221435547,0.3239840601467314,0.33762681044402043
0.02,-0.19983577728271484,-0.1995506001980225,-0.18605147864752924
0.07,1.1265335083007812,1.1271537572591313,1.1084902920384385
0.61,1.1081132888793945,1.1100211825160033,1.1098335154921308
0.04,0.10985851287841797,0.1078273578779827,0.11251760973126917
0.1,0.22752666473388672,0.22990130053086166,0.23030917573048687
0.1,0.1572265625,0.15498205500574325,0.16960094525003733
0.03,0.45684242248535156,0.4548120041697714,0.454125493361757
0.49,2.387531280517578,2.393317916819695,2.3784683234645145
0.21,0.13536739349365234,0.1338199295999023,0.14187845463015264
0.3,0.5501213073730469,0.5497090513661604,0.5403678260494569
0.06,0.5924434661865234,0.5898598002138826,0.5925817024776318
0.02,0.24286460876464844,0.2399741422086199,0.24021735316145398
0.07,0.4714164733886719,0.47172112585168025,0.5394852497479228
3.79,2.243206024169922,2.24958763204669,2.2333214598405577
0.1,0.22141361236572266,0.2215292651592955,0.21885298902049588
0.07,0.1913013458251953,0.18962608651312762,0.1909361901568285
0.55,0.5546903610229492,0.5528230390354469,0.5490394161559111
0.02,0.6211967468261719,0.6198248047014692,0.6156626703488136
0.59,0.7727642059326172,0.7731711115840314,0.7782214908696081
0.19,0.544489860534668,0.5419455021609647,0.542667513215244
0.44,0.7818355560302734,0.782226280739843,0.7741152599815515
0.25,0.5099420547485352,0.5050041766632507,0.5058776869984889
0.4,1.5929431915283203,1.637841105726214,1.4572336851925902
0.08,0.6318082809448242,0.6325039713933662,0.6245585870076422
0.2,-0.30713558197021484,-0.3051559721002228,-0.2990357403641174
1.2,0.7973442077636719,0.7973054298562567,0.7955149273042397
0.4,-0.12646865844726562,-0.1272705669062837,-0.11046669597480496
0.29,0.4197235107421875,0.41651930414807037,0.4332360453423859
0.08,0.1913013458251953,0.18962608651312762,0.1909361901568285
0.03,-0.19606304168701172,-0.19717898894554553,-0.13883439269223985
0.09,0.48219871520996094,0.4792968509443776,0.47956701704420207
2.05,0.7304134368896484,0.731434480111834,0.7296024762362356
0.47,0.6235485076904297,0.6293329176890261,0.6350936845209545
0.01,-0.5272121429443359,-0.5266136265008547,-0.5134351106008855
0.08,0.5058307647705078,0.5025919917504333,0.5031635582607039
0.83,0.37773990631103516,0.375764467094861,0.3878663082673591
0.27,0.3748779296875,0.38033393671084204,0.3846171620694464
0.23,0.5322370529174805,0.5330967132154463,0.5266087638257384
0.06,0.5573940277099609,0.5529400474459256,0.5524447212653294
0.01,0.24245548248291016,0.24274452799598856,0.24186528579096278
0.34,2.677703857421875,2.6814402394317645,2.667172383791263
0.03,0.5359430313110352,0.5344951703966012,0.5310803571243713
0.13,0.8052635192871094,0.8065085804542704,0.8047294842281654
0.18,0.39209842681884766,0.392780074233962,0.39267097918226945
0.08,0.7216653823852539,0.7202488693618567,0.7000603271607378
0.08,0.4649200439453125,0.46784764362203224,0.46831067806770177
0.5,0.9044876098632812,0.9047787628557498,0.8987882787169794
5.26,2.4873790740966797,2.487437614138119,2.4863836378509547
2.05,0.5812015533447266,0.5821371648701086,0.5699210772058758
1.45,0.1041574478149414,0.10309660628171402,0.11343237152931196
0.1,0.4061746597290039,0.40517394413811014,0.4134437608628617
0.09,0.36570072174072266,0.3666916033771692,0.36543708319101104
0.01,0.3818855285644531,0.3820502511213746,0.38367999105607065
0.03,0.13562870025634766,0.13797337632836104,0.14158569850569014
0.06,1.9370155334472656,1.9449826667898502,1.9280106692616852
0.2,0.8510799407958984,0.8521196810954619,0.8408551042668548
0.69,0.6173639297485352,0.6147051631684366,0.5917063361755077
0.03,0.1992359161376953,0.18960020298614588,0.20044765527296105
0.19,0.5589666366577148,0.5564569815549028,0.5544125473844234
0.03,-0.1477375030517578,-0.14656670353409118,-0.1452894316659331
0.32,0.5058307647705078,0.5025919917504333,0.5031635582607039
1.3,0.6515712738037109,0.652791866950122,0.6454291897885351
0.17,0.7963418960571289,0.7967605386432757,0.7972818088492334
1.23,0.8771495819091797,0.878112555737689,0.8894868272413494
0.32,0.40095996856689453,0.4003018862206118,0.3999181336769949
0.44,0.11837291717529297,0.11209374016549378,0.12604152839080457
0.07,0.021524429321289062,0.020688173640037277,0.02424569828162615
0.2,0.25994110107421875,0.25908107569068295,0.2558221365998828
0.71,0.3324909210205078,0.33120523520119427,0.328584954702633
1.25,0.46802520751953125,0.4689823417472714,0.4650387473717631
0.03,0.4602508544921875,0.46129029970463997,0.4591716741244987
0.03,0.287261962890625,0.2913634974590904,0.29834122871991586
1.13,0.8341960906982422,0.834245265633224,0.8305801333318212
0.14,0.3628416061401367,0.3619476896906837,0.3699511751069737
0.28,0.45896434783935547,0.45882738322508443,0.4483364480896304
0.12,0.7743415832519531,0.7775255798229348,0.7834465057886199
0.12,0.5362453460693359,0.5360158000754731,0.5311569538772003
0.13,0.46816539764404297,0.46641921167853084,0.46376656884120004
0.28,0.220611572265625,0.22292937479101615,0.2179866690671431
0.14,0.3196678161621094,0.32145075179331495,0.32819275207804355
0.06,-0.0010976791381835938,-0.0007929498782630606,0.01279773804665385
1.17,0.46729373931884766,0.4664232707355096,0.4655486834033968
0.15,0.495452880859375,0.49215278913042293,0.4983099270457704
2.14,3.525249481201172,3.3719824231662434,3.352676048496916
0.12,0.5433950424194336,0.5427102915721185,0.5403219939730447
0.05,0.46430015563964844,0.4652001349070565,0.4725848254395196
0.19,0.27663230895996094,0.27730327211904027,0.28030964147831916
0.14,0.2472238540649414,0.24359772673657853,0.24946748892821946
0.31,3.3967161178588867,3.451665589393073,3.2482507312895943
0.03,0.18201828002929688,0.18267898392423332,0.19877621695431247
3.39,2.438229560852051,2.440431733684907,2.4438675838528514
0.02,0.11945152282714844,0.1208253595370592,0.12913377613190935
0.07,0.15623855590820312,0.15698019718585954,0.15359751134399718
0.79,0.3516387939453125,0.3485263276534176,0.3540244094967136
0.08,-0.29174137115478516,-0.2911243165244475,-0.28175087022540846
0.31,0.24245548248291016,0.24274452799598856,0.24186528579096278
0.23,0.1328296661376953,0.13229017063723258,0.1355613804548107
0.12,-0.10511207580566406,-0.10589938610032057,-0.05747328814821906
0.08,0.19573974609375,0.19859009039220976,0.20226577084868902
0.05,0.2123432159423828,0.21084134934982068,0.2139484869272954
0.03,-0.6023616790771484,-0.6009570718822825,-0.5899607509465657
0.56,0.47142601013183594,0.47227625861148503,0.46952189868888944
0.01,0.004984855651855469,0.004670631400265801,0.019655601999005623
0.09,-0.21000194549560547,-0.20989112080030936,-0.20339900082430884
0.03,0.04333782196044922,0.0444381078919307,0.0645867249774873
0.08,-0.3724193572998047,-0.37262617053843705,-0.37481605256031314
0.01,0.06096839904785156,0.06071350999784664,0.07638652931785128
0.13,-0.22355079650878906,-0.22219107857867604,-0.2321534298183805
1.0,0.012950897216796875,0.013456683743131359,0.008889772158673925
0.3,0.6747283935546875,0.6747368234338411,0.6723315498681095
0.09,0.18021583557128906,0.17883708729496672,0.18500195057414348
0.26,0.11558818817138672,0.1149289153513613,0.12612013076027911
0.28,0.5190849304199219,0.5154479299364787,0.5219064682622723
0.1,0.4819202423095703,0.47930590328994116,0.4774970939386963
0.08,0.3932933807373047,0.39300331121449106,0.38865775813466535
0.31,0.4987955093383789,0.4985389143859207,0.5076282033098481
0.12,0.6777753829956055,0.675523378183708,0.6718755372023077
0.04,0.17380619049072266,0.17467262833489716,0.17633361206998827
0.02,-0.4050178527832031,-0.4052086310849232,-0.4006998608218678
0.06,0.5650491714477539,0.5663956800884737,0.5665566438884742
0.06,0.3196554183959961,0.31868242797480817,0.3224298680916804
1.35,1.8402414321899414,1.8400271125606635,1.8381384526246256
0.09,0.10137557983398438,0.10334330589424989,0.11185538496576236
0.02,0.46074771881103516,0.4608519738950536,0.458202652903244
0.03,-0.33288002014160156,-0.33552742371213595,-0.3380868148138826
0.48,1.0277585983276367,1.0256798694025073,0.9974119341626542
0.16,1.1084089279174805,1.1083306779455033,1.105368217270974
0.9,0.9503688812255859,0.9514725776462356,0.9461444292334654
0.02,0.5018520355224609,0.5035125636453275,0.5117716828947374
0.15,0.4844675064086914,0.48722761852100227,0.49144505037549596
0.1,0.07012939453125,0.07015284169885905,0.07788166159180443
0.18,0.1483774185180664,0.15002339512178575,0.1548682332910023
0.27,0.31375885009765625,0.32138738687241264,0.32799284099226794
1.74,3.912496566772461,3.9100664096629036,3.905913485600363
0.11,0.38164710998535156,0.3811688076682238,0.3812477891406297
0.11,0.3624238967895508,0.35845784964412286,0.36324319902558044
4.2,0.9563531875610352,0.9560257356482684,0.9550094528741633
0.27,-0.10759353637695312,-0.10867132154311765,-0.09943510298079616
0.02,0.10137557983398438,0.10334330589424989,0.11185538496576236
0.09,0.9624967575073242,0.9639604257814742,0.9594714037339391
0.11,-0.11747550964355469,-0.11836913186042008,-0.11782966892011826
0.01,0.4986572265625,0.4984907021853102,0.4999691163723336
0.08,0.03299236297607422,0.03101642957995021,0.03386802360654706
1.36,0.8677558898925781,0.8673549105153313,0.8610873323788942
0.06,-0.17755126953125,-0.1757777218744836,-0.16255381723913487
0.08,0.05499458312988281,0.0512876297000644,0.06000705146548324
0.5,0.48377132415771484,0.48281378505335515,0.48153484316329603
0.4,-0.082855224609375,-0.08271105575300308,-0.08448833568565806
0.17,0.0724496841430664,0.07193424883529942,0.07943420018251346
0.49,1.0264434814453125,1.028777367727596,1.035119035408563
0.11,0.2666912078857422,0.26696414874803875,0.25006516712078436
0.21,0.055283546447753906,0.05376604497347759,0.06634238857675967
0.39,0.6173639297485352,0.6147051631684366,0.5917063361755077
0.03,0.3732328414916992,0.37332874480516764,0.37164822802583775
0.41,0.8138103485107422,0.814877370525803,0.8039285746836069
0.09,0.05605316162109375,0.05638576597174971,0.05913988197202513
0.2,0.7096567153930664,0.7045330204483427,0.7063558182807749
0.02,0.1913013458251953,0.18962608651312762,0.1909361901568285
0.11,0.34958744049072266,0.34909175150463834,0.35120826510540537
0.19,0.5433950424194336,0.5427102915721185,0.5403219939730447
0.53,0.7088375091552734,0.7084155524765341,0.7027401574994769
0.62,0.3281698226928711,0.32294881026231903,0.33595378675121584
0.01,-0.15983104705810547,-0.1643829517602835,-0.1471100718485595
0.09,0.6137104034423828,0.6137173368701787,0.6112508360645867
0.07,-0.25638294219970703,-0.2553511373095789,-0.2331684392251513
0.19,0.29212379455566406,0.2917341362299142,0.2914704922211179
0.09,-0.1270589828491211,-0.12537000974712043,-0.11967230020379915
0.89,1.087423324584961,1.0891122127220654,1.0860222647544067
0.13,0.22263431549072266,0.22619048292230448,0.22940196579210353
0.09,0.2613382339477539,0.261442230094167,0.25519240641930196
0.09,0.20081520080566406,0.19928615617022483,0.2001747727870376
0.48,0.7577037811279297,0.7579511995896215,0.7609338416699298
0.38,0.8441486358642578,0.8421597846841362,0.8454781067120326
0.44,0.7257604598999023,0.7251178981629649,0.7168644493025781
0.2,-0.2066326141357422,-0.20664363704984923,-0.19329708100702925
0.71,0.7120037078857422,0.7106406754322403,0.7155929112605213
0.32,0.8059673309326172,0.8071140473723575,0.8013168664526562
0.25,1.4707221984863281,1.4751722244525762,1.5144398797702392
0.05,0.6767606735229492,0.6784133985031136,0.6919000656372158
0.13,0.2284555435180664,0.22873919967131529,0.2431332530602054
1.08,0.6142082214355469,0.6139290201271732,0.6107060102899374
0.03,0.11407279968261719,0.11655383189726698,0.11815562084815928
1.54,1.074697494506836,1.075811354653231,1.0712037783326522
0.09,0.6405315399169922,0.6413990999173846,0.6445940665266685
0.35,0.5642070770263672,0.5648540105331059,0.5572245269916313
0.1,0.44129276275634766,0.4369322770021591,0.4403460132775143
0.04,0.16412639617919922,0.16559603318435934,0.18223915195374274
0.02,-0.013484954833984375,-0.011634807709959727,-0.005479191333305766
0.33,0.31119728088378906,0.3122343527394893,0.2971916907686436
0.55,1.2459592819213867,1.2460831636856424,1.242277556038692
0.14,0.3491697311401367,0.3456019114580775,0.3445002890240121
0.34,0.7824001312255859,0.783525093855395,0.7802067857774397
0.93,1.936478614807129,1.9295480177025968,1.9370315036532482
1.06,0.5970592498779297,0.5974540817348819,0.5947231813834463
0.11,0.040017127990722656,0.038249663052691174,0.04996486272813705
1.16,0.6351556777954102,0.6358799242736362,0.6354937248107232
1.06,1.6082534790039062,1.6080230628126415,1.6106009965042007
0.38,-0.1296529769897461,-0.13521210245488868,-0.13711920249246234
1.24,1.3436641693115234,1.3426136270058464,1.3417328804138298
3.05,2.3970413208007812,2.398514173736147,2.390167221547791
0.39,0.8531723022460938,0.8526471978199461,0.8566449284306041
0.25,0.3722248077392578,0.36957177501064886,0.3692877485126248
0.39,0.13234519958496094,0.12977203388900516,0.11781691716922443
0.07,0.24561691284179688,0.24165587918033138,0.25229598877324017
0.41,0.43634605407714844,0.43359083353282624,0.4343504069535891
9.87,2.106138229370117,2.1108486660621377,2.0971500493859985
0.24,1.028367042541504,1.0282586629984485,1.0327804490439467
0.07,0.10137557983398438,0.10334330589424989,0.11185538496576236
0.15,0.861083984375,0.860140242325804,0.8522036418870755
0.02,-0.2696647644042969,-0.2759345507376043,-0.21031286561715257
0.02,0.2966318130493164,0.29672061681650663,0.29909767783162844
0.11,0.05499458312988281,0.0512876297000644,0.06000705146548324
0.05,0.1597909927368164,0.1599688512091213,0.174518821444397
0.35,0.2554178237915039,0.2561323754688589,0.25574302829207174
1.02,0.5890474319458008,0.5868344769745153,0.584352934694625
0.48,0.3701457977294922,0.37300002431479906,0.37216422309797864
0.04,-0.3382863998413086,-0.3412071242400301,-0.3372070420837029
0.14,0.06029319763183594,0.05953971136917713,0.059591297406242805
1.34,1.3353252410888672,1.3334165475444697,1.3398655162056263
0.27,0.8905258178710938,0.8946226312843701,0.8997181115972129
0.13,0.6622285842895508,0.6650696556892031,0.6624734292007819
0.02,0.34476566314697266,0.34843075806467416,0.356700363205779
0.3,0.5812015533447266,0.5821371648701086,0.5699210772058758
0.04,0.495452880859375,0.49215278913042293,0.4983099270457704
0.02,0.26390647888183594,0.2611894050453125,0.2632296499319209
0.03,0.02107715606689453,0.01900923573834601,0.03423109833351734
0.58,-0.18346309661865234,-0.18323610046490635,-0.18266237886191627
10.12,0.5012273788452148,0.5006535454134156,0.49818323444209356
0.04,0.03494071960449219,0.032632717845451076,0.037799419567538295
0.72,0.4902372360229492,0.4936742186952028,0.4908895669376029
0.45,0.9553337097167969,0.9538589118428691,0.9665850486984902
0.06,0.26390647888183594,0.2611894050453125,0.2632296499319209
0.01,0.10137557983398438,0.10334330589424989,0.11185538496576236
0.32,0.4637317657470703,0.45395361920703037,0.4660803340753405
0.24,0.1734170913696289,0.1747902519784248,0.17197346604682417
0.02,0.31717967987060547,0.3191927501259104,0.3306226000391999
0.38,0.2045755386352539,0.20403279550203446,0.21195929948119618
0.03,0.22263431549072266,0.22619048292230448,0.22940196579210353
0.75,0.44109153747558594,0.43833959160305946,0.4255080088022058
2.45,0.6928653717041016,0.6897809209017305,0.69009015541014
0.14,0.014771461486816406,0.01700317838200127,0.02099242354292319
1.07,0.3453340530395508,0.34945144059624855,0.3550994412239874
0.13,0.3174858093261719,0.31633438479846765,0.31413538496722393
0.07,-0.6528158187866211,-0.6503865907131388,-0.6492213438054918
0.59,0.6777753829956055,0.675523378183708,0.6718755372023077
0.14,-0.16265201568603516,-0.16480438309270262,-0.1560202255314086
0.13,0.2083873748779297,0.20977930200459904,0.2024368004197371
0.06,0.0623016357421875,0.06404386611233104,0.04322517373998347
0.15,0.46920013427734375,0.471687615018888,0.4774315001112429
0.05,-0.19606781005859375,-0.19736196607451806,-0.16579240170816167
0.33,0.604283332824707,0.6060779716149121,0.6097546514937446
0.86,0.24379253387451172,0.24476935120997512,0.2515699805609537
0.02,0.2739744186401367,0.2719587149565299,0.2716225848028848
0.18,0.26697540283203125,0.26815032887078294,0.2630822024677712
0.03,0.031975746154785156,0.032299440205775465,0.03566888832326598
0.03,0.021981239318847656,0.02356322387751053,0.030727125554141144
0.29,1.0657243728637695,1.0665635533546918,1.0647848436496372
0.72,0.7549953460693359,0.7538821442171333,0.7469033797190162
0.06,0.08414840698242188,0.08316559776447408,0.09344427118053067
0.39,1.9145317077636719,1.9201630032009307,1.9080923428493546
0.05,1.8750362396240234,1.8852646109149411,1.8749556321990992
3.32,0.4998025894165039,0.49969693148547134,0.4971738116328512
0.57,0.481964111328125,0.48238770874074133,0.48383601455992914
0.08,0.33245182037353516,0.33057925017165246,0.3346362084659748
0.25,0.8702163696289062,0.8701087717458433,0.8698932450075928
1.23,1.1289806365966797,1.1289071923246423,1.116751378187403
1.25,1.6936769485473633,1.6949130715590495,1.7004250446846116
0.02,0.2739744186401367,0.2719587149565299,0.2716225848028848
0.02,-0.4119091033935547,-0.41151667001965175,-0.39905819407436705
5.39,1.5187740325927734,1.518776532749562,1.5151536553543465
0.14,0.2123432159423828,0.21084134934982068,0.2139484869272954
0.47,0.682185173034668,0.6786695386403809,0.6749148558890573
0.06,0.3818855285644531,0.3820502511213746,0.38367999105607065
0.22,0.4749917984008789,0.47473564733935314,0.4853404974771567
0.03,-0.02995586395263672,-0.03114081814541203,-0.015331190220812974
0.24,0.26651954650878906,0.26481743817033876,0.271180878967961
0.08,0.8254556655883789,0.8250546113346875,0.8161995892580927
0.02,0.0958251953125,0.09915089698108637,0.11543856780810391
1.4,0.7893133163452148,0.7897863555108757,0.8013491051993816
0.64,2.106138229370117,2.1108486660621377,2.0971500493859985
0.49,0.6556215286254883,0.6571643848005739,0.65566847971347
2.32,1.952235221862793,1.9574471320961784,1.9470360624405818
0.58,0.7850961685180664,0.7834857319347222,0.7885031755012665
0.02,-0.10458087921142578,-0.10549108562087461,-0.10626065278272734
0.07,0.6912012100219727,0.6891102734678991,0.6703777268746574
0.1,0.6211967468261719,0.6198248047014692,0.6156626703488136
0.05,0.19605064392089844,0.19583891623700178,0.1954065423139726
0.08,0.29007530212402344,0.2922036263127057,0.28049420007059345
0.27,0.6536588668823242,0.6546657626651333,0.6469256250492872
0.09,0.35878467559814453,0.3589029797906549,0.358919290389657
0.04,0.12901973724365234,0.12936646819968245,0.15937843420039077
2.08,1.4313058853149414,1.4311232804041085,1.439504670260746
0.04,0.17892742156982422,0.17779834443864528,0.17885701509065183
2.19,3.317615509033203,3.3719824231662434,3.1712958675269802
0.17,0.1772613525390625,0.1749552883339449,0.17873121749435655
0.02,0.30153656005859375,0.3016880451640951,0.2940306336926622
0.23,0.6010570526123047,0.6015995333067699,0.5985672217602227
0.94,0.6995849609375,0.7006130084403979,0.6985213380072468
0.28,0.6584177017211914,0.6584164654993607,0.6561652543214049
2.59,0.9999217987060547,1.0010702597209322,0.9958957215029576
3.88,7.370660781860352,7.370121388363624,7.361379572144041
0.54,0.8056364059448242,0.8050043426951143,0.8052114538463493
0.42,0.8829870223999023,0.8833984669011006,0.869130708796533
1.32,0.8811626434326172,0.8807572438739051,0.8741945706737836
0.02,-0.3752765655517578,-0.37645316780452953,-0.36318363186624236
0.2,0.2650718688964844,0.2631112862619953,0.27179582953632697
0.34,0.5926084518432617,0.5894056562056218,0.5930824621264075
0.04,0.07012939453125,0.07015284169885905,0.07788166159180443
0.21,-0.2926445007324219,-0.2938758333657605,-0.30478235925006003
0.82,0.8311138153076172,0.8321464692957461,0.8141088703229759
1.82,0.2642240524291992,0.26354688967354245,0.2710722223201799
0.08,0.25966739654541016,0.26045620230221345,0.25989138256174055
0.1,0.16777610778808594,0.17007583447599228,0.17004065479573321
0.17,-0.17266368865966797,-0.16702400027371112,-0.16404501145646178
0.09,0.4256725311279297,0.4267590717925138,0.41938990792977504
0.02,0.10398292541503906,0.0990676172807261,0.1090451163644302
0.04,0.43651390075683594,0.4376258380729501,0.44078377594647306
0.11,0.07012939453125,0.07015284169885905,0.07788166159180443
0.09,0.3000059127807617,0.29964053993460893,0.31589083833324993
1.18,0.1819610595703125,0.18305435186616204,0.17634352999670383
0.38,0.733393669128418,0.7336211087546032,0.7387664905234925
0.32,-0.04936695098876953,-0.05039409609382384,-0.04259883836341061
0.23,-0.05870628356933594,-0.058912882819077694,-0.05492230010057153
0.63,1.0063457489013672,1.0074414530959892,1.0008198417629826
2.63,1.569127082824707,1.5693252026786264,1.568715022508211
0.89,0.5940866470336914,0.5948413713567753,0.594332578253374
0.19,0.03665924072265625,0.03955338563883193,0.04212030840794734
0.55,0.5589666366577148,0.5564569815549028,0.5544125473844234
0.17,0.9201879501342773,0.9213928225347852,0.8894676633035962
0.04,0.06900787353515625,0.0689582974357843,0.09844411943860887
0.19,0.4219226837158203,0.4193885814673972,0.4240109389158096
2.61,1.6098899841308594,1.6085023869162058,1.608384543745688
0.05,0.05568218231201172,0.053851269057464624,0.05528521769060368
0.19,0.5304775238037109,0.5312088459244748,0.5226700476601384
0.36,0.570648193359375,0.565795985631971,0.5711876312668978
0.02,0.01803302764892578,0.0190599383021699,0.034237333799262304
0.27,0.19182872772216797,0.1883817652615325,0.20267872520881325
0.42,0.05769538879394531,0.05660586977334314,0.05706038040874939
0.02,0.17892742156982422,0.17779834443864528,0.17885701509065183
0.06,0.8280620574951172,0.8260583202922152,0.8215967891541481
0.07,0.07771682739257812,0.07806927456628232,0.09429401411693183
0.03,0.35996150970458984,0.35904012182792133,0.3669673448774581
0.01,-0.47453784942626953,-0.47423219663899063,-0.463438530786057
0.04,0.46816539764404297,0.46641921167853084,0.46376656884120004
0.12,0.6148586273193359,0.6155653848252933,0.6159590163557757
0.05,-0.043173789978027344,-0.05140424280441369,-0.0401687250448558
0.08,-0.1827239990234375,-0.18092593565448944,-0.16795387556293384
0.58,0.19182872772216797,0.1883817652615325,0.20267872520881325
0.09,0.34958744049072266,0.34909175150463834,0.35120826510540537
0.17,0.06045055389404297,0.0547044677980546,0.06288742082786025
0.09,0.3455514907836914,0.345978210123981,0.3578657448614886
0.02,0.1913013458251953,0.18962608651312762,0.1909361901568285
0.03,0.07012939453125,0.07015284169885905,0.07788166159180443
0.02,0.4129610061645508,0.41287906861117296,0.4161516824303225
0.09,0.5912704467773438,0.592929417128452,0.5886105447718113
0.48,0.6631221771240234,0.6601623040353057,0.6613781377325985
0.3,0.6051855087280273,0.6056626448005513,0.6080243955145241
0.82,0.3523902893066406,0.3503364231249455,0.3585279850653339
1.76,1.2583131790161133,1.2589404242615774,1.2550924299462227
0.57,0.46985435485839844,0.4708304226433435,0.4755288138230131
0.06,0.2752847671508789,0.2756885830198277,0.28126288546491546
0.12,0.49793052673339844,0.49788433772286833,0.48148945013005295
1.16,2.0097150802612305,2.0111963443023755,2.0144610868687565
0.01,-0.3970222473144531,-0.3994804273590966,-0.39403728507984004
0.05,0.09303665161132812,0.09496649387037004,0.1027906725780045
0.17,0.36261844635009766,0.3627281821077484,0.35883237370131804
2.07,1.0179481506347656,1.0157965884164026,1.0025966724690087
0.52,1.1007728576660156,1.100233657897324,1.0942147664884954
0.16,0.2390575408935547,0.2380789511329835,0.24548905243758962
0.16,0.743377685546875,0.7428087230949327,0.7378632235890841
0.05,0.4908590316772461,0.49223824378355774,0.48901913833767585
0.01,0.1102151870727539,0.10637668940830713,0.11915231169857787
0.02,0.4647502899169922,0.46697997674764324,0.46971941349125135
0.01,0.3355884552001953,0.33478842473100134,0.33752028432734366
0.01,0.15561580657958984,0.15387509251558518,0.1575749676844848
0.16,-0.07899951934814453,-0.07868997020615609,-0.06252715009569931
0.07,0.5063810348510742,0.5051844766286435,0.5106419611282536
0.78,0.5321254730224609,0.5341004883950873,0.5204729856777448
0.06,0.0014801025390625,0.0020809420377676524,0.01234998787082986
0.1,1.9370155334472656,1.9449826667898502,1.9280106692616852
0.15,0.6747283935546875,0.6747368234338411,0.6723315498681095
0.06,0.22141361236572266,0.2215292651592955,0.21885298902049588
0.22,0.6224956512451172,0.6223934577989483,0.6172768577356591
0.58,0.4843597412109375,0.4886755466435071,0.49042325667726655
0.04,0.23146343231201172,0.22827039222720624,0.23015987072602068
0.2,-0.3549947738647461,-0.35483399074028155,-0.35337332837339774
0.09,0.9881362915039062,0.9898611609197085,0.9680164188956845
0.09,0.895482063293457,0.8987599863352598,0.899141569716277
0.2,0.36565494537353516,0.359841838445377,0.3592935928279737
0.29,0.06893634796142578,0.06670720724350998,0.07402812769217193
0.01,0.1483774185180664,0.15002339512178575,0.1548682332910023
0.06,0.45923614501953125,0.45661586785609676,0.4580851999908017
0.09,-0.10918807983398438,-0.11057873408824714,-0.09698021747786278
0.13,0.9755687713623047,0.9771964764344316,0.9644884812935487
0.39,0.11387920379638672,0.11322727805291222,0.1199434720458088
0.8,1.0350656509399414,1.0341587778398647,1.0243085576192004
0.15,0.33913612365722656,0.33748048493890015,0.33978507506376554
0.02,-0.08614826202392578,-0.08852191907165707,-0.08537950605611877
1.11,0.8133172988891602,0.8104249259568692,0.8090139170856813
0.33,0.34716796875,0.3516643860433071,0.35563550978667186
0.32,0.6642770767211914,0.6631255568681029,0.6609083598264697
0.2,0.6768741607666016,0.6691110883625386,0.6765784253580247
0.04,0.6447963714599609,0.644327499904011,0.6435531528543845
0.4,0.33590221405029297,0.3370486257084846,0.3440210656737027
0.01,-0.3460979461669922,-0.3463084015561517,-0.33264945648448585
0.17,0.3785104751586914,0.37846941579523175,0.3796927243674296
0.03,-0.06626033782958984,-0.06603336727590658,-0.057368226149585255
0.17,-0.02822589874267578,-0.028697546125644013,-0.01816538678877755
0.16,0.3604736328125,0.35831794640940307,0.3606657376862269
0.54,0.9710063934326172,0.972920226876457,0.9678920760133753
0.43,0.785888671875,0.7864970458242564,0.7793259376659482
3.49,1.085927963256836,1.0870093707404607,1.0808007167120346
0.08,0.48641395568847656,0.48563127864508115,0.4847073739156292
0.9,0.3634967803955078,0.3647024483334036,0.3515125379355041
0.23,0.41470813751220703,0.41515076580925037,0.4217780971472269
0.04,0.3676137924194336,0.3682911684023773,0.36544734093762765
1.16,0.9539079666137695,0.9525039961760977,0.9449461416423443
0.12,0.34616947174072266,0.347163068371535,0.3452732418313183
0.4,0.07834720611572266,0.08102814470443098,0.08281787162158838
0.56,1.582723617553711,1.592008644163365,1.5846208945113065
0.09,0.7350502014160156,0.733258454919838,0.7282962701433585
0.01,0.2858734130859375,0.2857322855367186,0.2833354234865334
0.16,0.46642303466796875,0.467318560750664,0.4615175243295316
0.22,0.5927982330322266,0.5900416513582518,0.5868291570280586
0.11,-0.030081748962402344,-0.02954953496133439,-0.03142713086114546
0.09,0.4577617645263672,0.45625214161179906,0.45356162334030353
0.02,0.056674957275390625,0.05685401172958926,0.07128171734646493
0.11,0.42940330505371094,0.426593339710444,0.429874378839995
0.28,0.5531234741210938,0.5542937890846178,0.554689288873358
0.01,-0.07251262664794922,-0.07382448252788198,-0.06521899805616116
0.17,0.743377685546875,0.7428087230949327,0.7378632235890841
0.25,0.3213987350463867,0.32075812633786427,0.30899058797087986
0.07,-0.4266538619995117,-0.41959967820036104,-0.41513346716285005
1.42,2.1975669860839844,2.197354011182427,2.186997973531838
6.41,2.1706199645996094,2.1762027640030395,2.1649258103865816
1.82,1.1838207244873047,1.2381255560696234,1.0844167391901716
0.13,0.7274789810180664,0.723928022812246,0.7124528271362777
0.05,0.3980445861816406,0.398183016640588,0.36762388487474257
0.09,0.7042312622070312,0.7038475953272136,0.7001983227845261
0.05,-0.11664390563964844,-0.11874041723966489,-0.10869840650855478
0.11,-0.49523258209228516,-0.49566290199139607,-0.4971501692626704
0.99,0.9185848236083984,0.9195790074012291,0.9188053907861358
0.02,0.10985851287841797,0.1078273578779827,0.11251760973126917
0.54,0.5615444183349609,0.5598398185569515,0.5649602046170272
0.03,0.09158039093017578,0.08859771874818323,0.09924602573276242
1.62,0.7715272903442383,0.7712731100533756,0.7729994762607395
1.65,1.6850738525390625,1.685720434468509,1.6841927427637677
0.06,0.5772237777709961,0.5773953349075545,0.5735563092987352
0.03,-0.08614826202392578,-0.08852191907165707,-0.08537950605611877
0.12,1.8487653732299805,1.8934189680549247,1.707051767106495
0.03,0.05499458312988281,0.0512876297000644,0.06000705146548324
0.08,-0.013798713684082031,-0.01676088661528885,-0.01578452142326714
0.11,0.27756500244140625,0.2782894341998392,0.28312551628574595
0.65,0.6891336441040039,0.6890017418746597,0.687098147965607
0.21,0.40653228759765625,0.4072362637641074,0.4195059321815422
0.94,0.35410308837890625,0.3540898653124276,0.34910815187954625
0.04,0.29700565338134766,0.2917699387842856,0.29376191910699917
1.26,1.0192317962646484,1.0201902691129079,1.016148784420336
0.07,-0.17969417572021484,-0.18058836716903293,-0.1679984173180149
0.58,0.544830322265625,0.5431315375713957,0.5498981878778257
0.29,0.4203300476074219,0.4177263893332932,0.411093199286613
0.19,0.20669937133789062,0.2063351131951785,0.21175655909732338
0.13,0.3936605453491211,0.39500188873367903,0.40951820164638725
0.01,-0.9091691970825195,-0.9093235103795498,-0.8978952428958323
0.03,-0.34412574768066406,-0.34271618009518834,-0.33819712452446427
0.68,0.5754680633544922,0.5735836608426703,0.5679020416382949
0.25,-0.2450246810913086,-0.24622102870014384,-0.25221357825779134
0.03,-0.04308128356933594,-0.04328646644046685,-0.0392680249023748
0.54,0.5890474319458008,0.5868344769745153,0.584352934694625
0.43,0.8696670532226562,0.8704375780513143,0.8695297086446389
0.03,0.1555461883544922,0.14941567297621816,0.15832627936905563
0.1,0.5324602127075195,0.5359233520784414,0.5400092957108222
0.04,0.2260456085205078,0.22130383287718813,0.2356667327285495
0.09,0.16335487365722656,0.16306136176915897,0.1649104220283485
0.1,0.2991514205932617,0.29929816946489085,0.3096661359298404
0.01,0.2739744186401367,0.2719587149565299,0.2716225848028848
0.36,0.09531974792480469,0.09355520711731913,0.1308753005492888
1.8,0.6767816543579102,0.6768336633230414,0.6726824083374214
0.1,0.42998409271240234,0.42974112819548393,0.45113731663195683
0.01,0.48337745666503906,0.47579305822498164,0.4802256788712434
0.13,-0.2980175018310547,-0.29695569028394075,-0.2826261379309286
0.74,0.9286832809448242,0.927657738907905,0.921513029173791
3.42,0.6610889434814453,0.6572070948217312,0.64246092801099
1.06,0.38675403594970703,0.38715692222755593,0.40385047195607704
0.09,0.4803752899169922,0.4816588581694372,0.48234501853352085
0.26,0.8133382797241211,0.8102825801812499,0.7889241911417644
0.16,0.2686748504638672,0.26204260378590294,0.27083185306917756
0.01,-0.0653228759765625,-0.06696228218263589,-0.05819723624242623
0.04,0.2970294952392578,0.29592857850910126,0.2964100442914975
3.87,1.298680305480957,1.3008475246503826,1.300519689702929
0.08,-0.1279134750366211,-0.13066464240383135,-0.12385811237288646
0.51,0.3722248077392578,0.36957177501064886,0.3692877485126248
3.28,2.0308122634887695,2.0301396966202288,2.0136543714287347
0.6,2.028179168701172,2.034161560800469,2.01804757744797
0.15,0.09938907623291016,0.10224340754112404,0.10583016839205533
0.03,0.03464031219482422,0.03263600622077156,0.03227292092013667
0.38,0.10410499572753906,0.10395285028866907,0.10438769023658578
0.13,0.4509544372558594,0.45202123768203717,0.4500193964154533
0.04,0.3628416061401367,0.3619476896906837,0.3699511751069737
0.15,0.41823673248291016,0.41716365116572995,0.41673993882637994
2.56,2.011244773864746,2.0092099376578587,2.0113223879097513
0.61,0.5589666366577148,0.5564569815549028,0.5544125473844234
0.57,0.5392084121704102,0.5391868075905542,0.5354334290875821
0.05,0.6460485458374023,0.6454474557596388,0.6524601928914838
0.21,-0.03914642333984375,-0.03904342495785129,-0.041036234310858566
0.18,0.8286314010620117,0.8281383573998007,0.8224455368135263
0.01,0.4995441436767578,0.4981965287078127,0.494796046383685
0.01,2.005124092102051,2.0101916972478975,1.9932601179593572
0.52,0.6395578384399414,0.6401236106040153,0.6376048019776122
0.18,0.4591856002807617,0.459233482362424,0.463791298962947
3.91,3.6190109252929688,3.675901038144728,3.4761048589898826
1.41,1.070521354675293,1.0666340293847294,1.0608035132540072
0.31,-0.028064727783203125,-0.02987208101992289,-0.02237655564926977
1.51,2.010972023010254,2.0122071862191406,2.0189604125865093
0.08,-0.3264045715332031,-0.3276037382679997,-0.3133032278438014
0.02,0.2771568298339844,0.2777624290639913,0.28673003800117947
0.1,0.47455406188964844,0.47511944352292135,0.4700523483305846
0.04,0.4805479049682617,0.47927920892155496,0.4842915934049651
0.3,1.0514087677001953,1.0518223485177893,1.0250204494604986
0.82,1.0146398544311523,1.0135965311721273,1.021440052680321
0.02,0.30759620666503906,0.30137393505524046,0.3053510258358263
0.01,-0.6148614883422852,-0.612405088760094,-0.6055112916616262
0.97,0.8084268569946289,0.8072262077097896,0.8047272452705885
0.12,0.01763439178466797,0.015724636187237184,0.013151795113254816
0.04,0.08414840698242188,0.08316559776447408,0.09344427118053067
0.02,-0.08614826202392578,-0.08852191907165707,-0.08537950605611877
0.84,1.357590675354004,1.3577446507522812,1.3511323955508616
0.05,0.07593441009521484,0.07513870207241524,0.07547656739140318
0.16,0.5871286392211914,0.5820360335579258,0.584554551782142
0.1,0.10137557983398438,0.10334330589424989,0.11185538496576236
1.65,2.4878854751586914,2.492993389646892,2.4568101643680462
0.03,0.45684242248535156,0.4548120041697714,0.454125493361757
0.02,0.17892742156982422,0.17779834443864528,0.17885701509065183
2.43,-0.4676027297973633,-0.46779380313605756,-0.45561501145274985
4.42,2.3254051208496094,2.3304060026600766,2.3698841079150865
0.87,0.8616352081298828,0.8584315164787542,0.859609765966501
0.15,0.8089122772216797,0.8084588569825579,0.8026581279260001
0.23,-0.008016586303710938,-0.00930536031696616,-0.01585645148012904
0.1,-0.004912376403808594,-0.003049551999986244,0.0010936362055063986
2.28,0.7681131362915039,0.7679881692033232,0.7697015994322591
0.05,0.8305215835571289,0.8309802557553516,0.8294021368810429
0.34,0.6207160949707031,0.619208525522227,0.6087013854270706
0.18,0.6677446365356445,0.6676694980813247,0.6685938381640916
0.28,0.6418514251708984,0.6429826902938105,0.6422118913810406
0.22,-0.13506793975830078,-0.13407695152484567,-0.11781843569398887
0.29,0.5562324523925781,0.5567223790797753,0.5514436775461959
0.11,-0.16616535186767578,-0.1654098581080896,-0.15579846460278024
0.01,0.14694595336914062,0.14727503106093542,0.15290314484498996
1.3,0.4418649673461914,0.4417740375223984,0.4440833046244108
0.27,0.4287900924682617,0.42803468164794767,0.4335884381480735
0.09,0.05568218231201172,0.053851269057464624,0.05528521769060368
0.66,0.669774055480957,0.6738170486940751,0.6757895283984389
9.31,2.5829830169677734,2.581670892361821,2.581331319655296
0.4,0.49152183532714844,0.48803479391179083,0.49402527584719136
0.12,-0.08519172668457031,-0.08528043887917014,-0.07336701157896575
0.05,0.07012939453125,0.07015284169885905,0.07788166159180443
1.57,1.0172252655029297,1.0184564795649185,1.0136451177305188
0.53,1.1577730178833008,1.1601050023238257,1.1662117033398323
0.16,0.2472238540649414,0.24359772673657853,0.24946748892821946
0.05,-0.1714305877685547,-0.17250705941750022,-0.16687312474111138
1.09,0.5758676528930664,0.5755555088027751,0.5765573441181603
0.23,0.4570331573486328,0.45450820597848907,0.45333333230682094
0.05,0.03716564178466797,0.036867729087202816,0.04506491054689521
0.02,0.20260047912597656,0.20229946479160432,0.20169319530160623
0.06,0.26390647888183594,0.2611894050453125,0.2632296499319209
0.13,0.1848621368408203,0.18344831010635354,0.18446798114738328
0.41,0.7604503631591797,0.7608722485357247,0.758407269625099
0.06,0.06893634796142578,0.06670720724350998,0.07402812769217193
0.14,0.18706035614013672,0.18752856652094252,0.19507652207155657
0.58,0.4762840270996094,0.47530394106669793,0.4616964353503073
0.06,0.39209842681884766,0.392780074233962,0.39267097918226945
0.1,0.5754680633544922,0.5735836608426703,0.5679020416382949
0.99,0.5119419097900391,0.5141492199915882,0.5230180161764897
5.46,2.1669387817382812,2.1763016305987533,2.163863269413311
0.24,0.570648193359375,0.565795985631971,0.5711876312668978
0.09,0.4053525924682617,0.40563601242000735,0.41141388918383776
0.18,0.10137557983398438,0.10334330589424989,0.11185538496576236
0.01,-0.5272121429443359,-0.5266136265008547,-0.5134351106008855
0.69,0.40607738494873047,0.4037796525574573,0.39688392554683494
0.01,0.16405487060546875,0.16311866795366892,0.1912096891508418
0.48,0.22566890716552734,0.22594837772814036,0.2571073886753007
0.25,0.013430595397949219,0.012915079107184146,0.018914718423446053
1.67,0.43967342376708984,0.4385213848395175,0.4382248665704911
0.01,0.5094499588012695,0.5135827976747955,0.514204416295603
0.29,0.45684242248535156,0.4548120041697714,0.454125493361757
0.11,-0.3552217483520508,-0.3581382223176306,-0.35384014932243446
0.72,0.18013477325439453,0.18062781499107605,0.18235406289054568
0.36,0.6767396926879883,0.6764199808517546,0.6763054954359132
0.12,0.06987380981445312,0.0691328568833316,0.07504447598483155
0.31,0.7942686080932617,0.7905107306350776,0.783638679550611
0.38,0.2884702682495117,0.2856291958091861,0.28386443409675055
1.84,0.5668268203735352,0.5677412450889427,0.5699672359413788
0.05,0.495452880859375,0.49215278913042293,0.4983099270457704
0.3,0.5153989791870117,0.5145778850581539,0.507354134177385
0.16,0.21021366119384766,0.20217339162970593,0.2143514595468496
1.95,1.323690414428711,1.3229719955805814,1.3214334859504016
0.09,0.5514965057373047,0.5523563644888623,0.5428206004094549
0.15,0.41370201110839844,0.41264873227545684,0.41889359091824485
0.12,-0.19458675384521484,-0.19365278261316576,-0.19695103067074993
0.01,-0.08614826202392578,-0.08852191907165707,-0.08537950605611877
0.44,1.2738227844238281,1.273023455577964,1.2679256596040749
0.02,0.03464031219482422,0.03263600622077156,0.03227292092013667
0.02,0.28660011291503906,0.2870084371503394,0.2884822194283967
0.12,0.2123432159423828,0.21084134934982068,0.2139484869272954
0.59,0.9325799942016602,0.9274616084018259,0.9295192653257707
3.53,0.6798000335693359,0.6802389477155857,0.6740256754978888
0.04,-0.11664390563964844,-0.11874041723966489,-0.10869840650855478
0.14,0.1273355484008789,0.1288081322850927,0.13185593652053534
0.16,0.15938186645507812,0.16010936248899443,0.1618909658307902
0.14,0.5418729782104492,0.5416371600062087,0.5804151553902859
0.03,2.3910903930664062,1.1726889189176652,0.9333689100588107
1.6,0.9197292327880859,0.9201915807565535,0.9063867779878294
0.18,0.14331340789794922,0.14393029267108703,0.15001082569934143
0.22,-0.1009969711303711,-0.10169304485892905,-0.0999210732796495
0.16,0.5717144012451172,0.5687315223826885,0.5693443139637138
0.06,0.6020030975341797,0.5945647148978805,0.5940022271477814
0.15,0.059950828552246094,0.06034768967983939,0.09175028091987814
4.85,3.4632701873779297,3.3122643672913346,3.2996210114343305
0.43,1.1968994140625,1.1982443699005751,1.209279176475172
2.89,2.833761215209961,2.841945706478019,2.834252139783104
0.03,0.9283113479614258,0.9292674069990077,0.9399856604527395
0.03,0.3748779296875,0.38033393671084204,0.3846171620694464
0.06,0.22141361236572266,0.2215292651592955,0.21885298902049588
1.03,2.5609235763549805,2.5663156636263116,2.6047063920477815
0.61,0.44208335876464844,0.43933396238458133,0.42809519646160943
0.04,0.1913013458251953,0.18962608651312762,0.1909361901568285
0.29,1.1800651550292969,1.1805092655025802,1.1803252272963167
0.11,0.28660011291503906,0.2870084371503394,0.2884822194283967
0.01,0.05499458312988281,0.0512876297000644,0.06000705146548324
0.02,0.20455551147460938,0.20248202469917298,0.2096791001583968
0.03,-0.4524726867675781,-0.45027619080833925,-0.4432279491745822
0.13,0.7400054931640625,0.7409600602916062,0.7382358170110811
0.15,0.06667041778564453,0.07136375044617904,0.0828238420701084
0.12,0.10398292541503906,0.0990676172807261,0.1090451163644302
1.92,0.18329143524169922,0.18258151863649874,0.19072617319235685
0.21,0.09199142456054688,0.09067707079608156,0.09881558718078465
5.23,1.9292068481445312,1.9313369779969094,1.9214265266023922
0.12,0.5099573135375977,0.5092368122703717,0.5092485273413261
0.62,-0.11664390563964844,-0.11874041723966489,-0.10869840650855478
0.2,0.16335487365722656,0.16306136176915897,0.1649104220283485
0.5,0.7903146743774414,0.7883207690229483,0.7655920008817123
0.08,0.2702474594116211,0.26555953789488007,0.2727996791882715
0.09,0.4053525924682617,0.40563601242000735,0.41141388918383776
0.05,0.19898414611816406,0.198037997898588,0.20220628607886615
0.34,0.4727945327758789,0.4687209918333408,0.4710067634729777
0.17,-0.15099811553955078,-0.15023089927858768,-0.14358206360244496
0.12,1.0959281921386719,1.0982637510415936,1.075646056059085
0.25,0.08138179779052734,0.08078603951026664,0.11052329450478554
2.58,1.273458480834961,1.2751196081287035,1.2721418328038006
0.16,0.5364751815795898,0.5360199569584811,0.5361009076734248
0.3,0.14142799377441406,0.13606360371806536,0.1508289878794173
1.07,0.5751571655273438,0.5753295652559212,0.5743817266862056
1.73,1.8467159271240234,1.8472153150284256,1.8520072993932515
0.13,0.18706035614013672,0.18752856652094252,0.19507652207155657
0.02,0.10062503814697266,0.10037133986686686,0.10120056204424055
1.2,1.8669672012329102,1.7045620337167289,1.7086057652878144
0.03,0.5322370529174805,0.5330967132154463,0.5266087638257384
2.78,4.776424407958984,4.776756450271138,4.772085769402598
0.56,0.26905155181884766,0.27142483267739226,0.2760944069684061
0.07,0.46074771881103516,0.4608519738950536,0.458202652903244
0.02,-0.1133432388305664,-0.11227965336245926,-0.10478922333049867
0.17,0.2049732208251953,0.19863845268009017,0.20134549532203266
0.03,0.05568218231201172,0.053851269057464624,0.05528521769060368
0.58,0.8648052215576172,0.8668301015692355,0.8625414614598055
0.39,1.6348772048950195,1.6381810285271217,1.6293946240630022
0.11,0.6533651351928711,0.6535592679734128,0.6496319967826766
0.04,0.2479724884033203,0.2458179854792497,0.2512443509778131
0.15,0.17003726959228516,0.17338265924069796,0.18859983142544778
0.68,0.6953449249267578,0.6941283645049019,0.7008904029649755
0.09,0.9267501831054688,0.9262016604055991,0.9169747645765142
0.45,0.7575740814208984,0.7586814268164432,0.752512240535963
0.32,1.3149757385253906,1.315025525933,1.3200811032501845
0.02,0.2562370300292969,0.2554745111312753,0.2574912077041276
0.09,0.2726478576660156,0.2721632709700914,0.2779585290314921
0.18,0.45877742767333984,0.4574700624129959,0.45548424912391255
0.07,0.36404991149902344,0.3651986578423396,0.37505574035367617
0.9,0.6439180374145508,0.6465594204297866,0.6414856441688925
0.4,0.39655303955078125,0.39638269057769016,0.3960823560604856
0.07,0.7733888626098633,0.775128513349512,0.7818532441882817
0.01,0.2739744186401367,0.2719587149565299,0.2716225848028848
0.03,0.41034793853759766,0.4092510354861467,0.40820045339428246
0.07,0.13444900512695312,0.1305998695478845,0.1472447172573732
0.25,0.9151706695556641,0.9150510423154101,0.9198877269772038
0.07,0.48335742950439453,0.483222665470342,0.4873097708682015
0.03,-0.25965023040771484,-0.25875890465102547,-0.2551135677987316
0.3,0.2796201705932617,0.2803872170939643,0.2751046352533523
0.65,0.3075265884399414,0.3088025255342459,0.29873322116684176
0.1,0.6223478317260742,0.6263702458181748,0.6224789889739091
0.03,0.10398292541503906,0.0990676172807261,0.1090451163644302
0.1,0.8604850769042969,0.8585346355590766,0.856752417089805
0.18,0.1475362777709961,0.14774629267817896,0.17871616995567485
2.96,0.9061870574951172,0.906646013367244,0.9007197813739088
1.8,0.7322978973388672,0.727467499740095,0.7367871637458772
0.02,0.16649627685546875,0.16940232019886192,0.18242521700758396
0.17,0.8489866256713867,0.8459974053637169,0.8470962314567078
0.02,0.03464031219482422,0.03263600622077156,0.03227292092013667
0.13,0.2877025604248047,0.28508524871135577,0.28693229562174627
0.04,-0.008283615112304688,-0.006966685170570308,-0.003795035945689529
0.04,0.2961416244506836,0.2956915172327961,0.2964909496263502
0.06,0.33913612365722656,0.33748048493890015,0.33978507506376554
0.01,0.16335487365722656,0.16306136176915897,0.1649104220283485
0.03,0.19992351531982422,0.1921638423435461,0.19572582149808143
3.03,1.5107345581054688,1.5106137848315058,1.5128561020466242
0.05,0.5034904479980469,0.5024932854705979,0.5013222520508221
0.27,0.7103252410888672,0.7097602168374255,0.7005576599164395
0.29,0.34227561950683594,0.3434580719563154,0.34834292135364703
0.22,0.5732202529907227,0.5733110662579597,0.5876699302907913
6.9,1.382187843322754,1.3825764011552133,1.375116484159986
0.42,0.0877237319946289,0.08980321235328237,0.10241644922616155
0.78,0.8133382797241211,0.8102825801812499,0.7889241911417644
0.99,1.843308448791504,1.8439888592079081,1.8527320967331207
1.73,1.2527523040771484,1.2537373692753255,1.2498206870800188
0.3,0.27503395080566406,0.26908382045784984,0.2847047976274964
13.67,3.3534679412841797,3.3518983494913703,3.3470185869139235
0.14,0.2650718688964844,0.2631112862619953,0.27179582953632697
0.32,0.19697284698486328,0.19979980137732967,0.19659441989812632
0.06,0.16335487365722656,0.16306136176915897,0.1649104220283485
0.25,1.1838665008544922,1.18405281196573,1.1827644518923566
0.19,0.6121006011962891,0.6094271072410693,0.5934228631120431
0.06,0.08183097839355469,0.07833146992463602,0.08780872985936983
0.81,0.673187255859375,0.6745245375836051,0.6712874420159884
0.24,0.5814142227172852,0.5814946707227135,0.5768253629205945
0.41,0.5381221771240234,0.5353214809029034,0.5862612672981404
1.02,0.6372509002685547,0.6372821883050319,0.632345605478703
0.37,0.03740978240966797,0.04252535166621496,0.052775131329469205
0.02,0.46830081939697266,0.4685806029554396,0.46762683984852077
1.96,0.021524429321289062,0.020688173640037277,0.02424569828162615
0.19,1.6814794540405273,1.681991056840229,1.6892306488055184
21.79,2.4305524826049805,2.4381012636687664,2.4222082574075414
0.09,0.36531639099121094,0.3670291504791605,0.37940298850403664
0.08,0.10614395141601562,0.10419650463483987,0.11945758810301904
0.02,-0.5473861694335938,-0.547385642051645,-0.5442080282144629
0.03,0.29705142974853516,0.2986197037160776,0.2999054094700365
1.06,1.2218379974365234,1.222774374198067,1.2189330224850323
0.12,0.15210628509521484,0.1536268803426164,0.16734650701457682
0.04,0.49878787994384766,0.4974590207195635,0.49678654898180585
0.1,1.6566143035888672,1.6567894963018965,1.66539395819545
0.06,0.40458106994628906,0.4044764258836073,0.3955331137768898
0.2,-0.0119171142578125,-0.008392824703083557,0.007086367738577404
0.8,0.3722248077392578,0.36957177501064886,0.3692877485126248
0.45,0.6891336441040039,0.6890017418746597,0.687098147965607
0.13,0.6306257247924805,0.6281284440267141,0.6283215304335559
0.37,0.9307231903076172,0.9316920243922233,0.9242534528471851
0.44,0.4790639877319336,0.47896471545181085,0.47862603059545844
0.01,0.07012939453125,0.07015284169885905,0.07788166159180443
0.27,0.7872200012207031,0.7871870925017848,0.75715908770239
0.11,0.7072820663452148,0.7058815939781664,0.6914039442124844
0.15,0.4195375442504883,0.4194728885060497,0.4286274011636525
0.02,0.34958744049072266,0.34909175150463834,0.35120826510540537
0.13,0.04513740539550781,0.043779445921977134,0.044576522512297934
0.17,0.2771568298339844,0.2777624290639913,0.28673003800117947
0.44,0.39655303955078125,0.39638269057769016,0.3960823560604856
0.06,0.5013103485107422,0.5038495103492959,0.5004423283793157
0.61,2.474292755126953,2.480660611887624,2.4659475921312564
0.02,0.03464031219482422,0.03263600622077156,0.03227292092013667
0.19,0.09482955932617188,0.09530771924256332,0.10615255560296666
0.34,0.07094955444335938,0.0694618079593885,0.07580329041031764
0.83,0.6472702026367188,0.6481787417741534,0.6430280110198312
0.45,1.1905460357666016,1.188362216617519,1.2040072996813704
0.15,0.18706035614013672,0.18752856652094252,0.19507652207155657
0.07,0.1625194549560547,0.15988444100495336,0.18481898447850742
1.1,1.0126094818115234,1.012556217774603,0.9934461285820009
0.1,-0.07219409942626953,-0.07370028314741339,-0.07298745938030204
0.29,0.7760953903198242,0.77766630961124,0.7711426811781574
0.06,0.5232114791870117,0.5276826781958359,0.5354518381789392
0.1,0.08540630340576172,0.08604810649160144,0.08991255918321694
0.03,0.16335487365722656,0.16306136176915897,0.1649104220283485
0.04,-0.5118303298950195,-0.5120260281291431,-0.49946289277457223
0.84,0.6967315673828125,0.694133312261102,0.6993962282086907
1.52,0.8811626434326172,0.8807572438739051,0.8741945706737836
0.07,0.12967872619628906,0.12806567256295343,0.14660202258072969
0.01,-0.2811708450317383,-0.28287602778776844,-0.2669124267202737
0.07,0.7067880630493164,0.7068138795974266,0.7023710739033338
